[
{
  "pk": 1, 
  "model": "produccion.maquina", 
  "fields": {
    "descripcion": "6.1 - Cortadora Laminadora"
  }
},
{
  "pk": 2, 
  "model": "produccion.maquina", 
  "fields": {
    "descripcion": "6 - Moldeadora de Neum\u00e1ticos (MN1)"
  }
},
{
  "pk": 3, 
  "model": "produccion.maquina", 
  "fields": {
    "descripcion": "6 - Moldeadora de Neum\u00e1ticos (MN2)"
  }
},
{
  "pk": 4, 
  "model": "produccion.maquina", 
  "fields": {
    "descripcion": "5 - Prensa de Vulcanizado"
  }
},
{
  "pk": 5, 
  "model": "produccion.maquina", 
  "fields": {
    "descripcion": "4 - Soprte Para Inspecci\u00f3n"
  }
},
{
  "pk": 6, 
  "model": "produccion.maquina", 
  "fields": {
    "descripcion": "6.2.2 - Malaxador Banbury"
  }
},
{
  "pk": 7, 
  "model": "produccion.maquina", 
  "fields": {
    "descripcion": "6.2.1 - Extructora de Caucho"
  }
},
{
  "pk": 8, 
  "model": "produccion.maquina", 
  "fields": {
    "descripcion": "6.3.1 - Cortadora de Hilo Met\u00e1lico"
  }
},
{
  "pk": 9, 
  "model": "produccion.maquina", 
  "fields": {
    "descripcion": "3 - Balanza"
  }
},
{
  "pk": 10, 
  "model": "produccion.maquina", 
  "fields": {
    "descripcion": "2 - Variador de Fuerza"
  }
},
{
  "pk": 11, 
  "model": "produccion.maquina", 
  "fields": {
    "descripcion": "1 - Rayos X"
  }
},
{
  "pk": 12, 
  "model": "produccion.maquina", 
  "fields": {
    "descripcion": "6.3.2 - Calandria Laminadora de Hilo Met\u00e1lico"
  }
},
{
  "pk": 13, 
  "model": "produccion.maquina", 
  "fields": {
    "descripcion": "6.4.1 - Constructora de Talones"
  }
},
{
  "pk": 1, 
  "model": "produccion.tarea", 
  "fields": {
    "descripcion": "6.1.1 - Cortado de tejidos al bies", 
    "tiempo": "0.2"
  }
},
{
  "pk": 2, 
  "model": "produccion.tarea", 
  "fields": {
    "descripcion": "6.1.2 - Laminado de tejidos", 
    "tiempo": "0.4"
  }
},
{
  "pk": 3, 
  "model": "produccion.tarea", 
  "fields": {
    "descripcion": "6 - Moldeado de Neum\u00e1ticos", 
    "tiempo": "2"
  }
},
{
  "pk": 4, 
  "model": "produccion.tarea", 
  "fields": {
    "descripcion": "5 - Prensado del Neum\u00e1tico", 
    "tiempo": "1.5"
  }
},
{
  "pk": 5, 
  "model": "produccion.tarea", 
  "fields": {
    "descripcion": "4 - Inspecci\u00f3n Visual del Neum\u00e1tico", 
    "tiempo": "0.5"
  }
},
{
  "pk": 6, 
  "model": "produccion.tarea", 
  "fields": {
    "descripcion": "6.2.2 - Obtenci\u00f3n de caucho homogeneo", 
    "tiempo": "0.4"
  }
},
{
  "pk": 7, 
  "model": "produccion.tarea", 
  "fields": {
    "descripcion": "6.2.1 - Extrucci\u00f3n del Caucho", 
    "tiempo": "0.6"
  }
},
{
  "pk": 8, 
  "model": "produccion.tarea", 
  "fields": {
    "descripcion": "6.3.1 - Cortado de hilo met\u00e1lico", 
    "tiempo": "0.1"
  }
},
{
  "pk": 9, 
  "model": "produccion.tarea", 
  "fields": {
    "descripcion": "3 - Pesaje del Nem\u00e1tico", 
    "tiempo": "0.15"
  }
},
{
  "pk": 10, 
  "model": "produccion.tarea", 
  "fields": {
    "descripcion": "2 - Pruebas de Fuerza", 
    "tiempo": "2"
  }
},
{
  "pk": 11, 
  "model": "produccion.tarea", 
  "fields": {
    "descripcion": "1 - Verificaci\u00f3n del Estado del Neum\u00e1tico", 
    "tiempo": "0.2"
  }
},
{
  "pk": 12, 
  "model": "produccion.tarea", 
  "fields": {
    "descripcion": "6.3.2 - Laminado de Hilo Met\u00e1lico", 
    "tiempo": "0.4"
  }
},
{
  "pk": 13, 
  "model": "produccion.tarea", 
  "fields": {
    "descripcion": "6.4.1 - Construcci\u00f3n de Talones Para Neum\u00e1tico", 
    "tiempo": "2"
  }
},
{
  "pk": 1, 
  "model": "produccion.tareamaquina", 
  "fields": {
    "tarea": 1, 
    "maquina": 1
  }
},
{
  "pk": 2, 
  "model": "produccion.tareamaquina", 
  "fields": {
    "tarea": 2, 
    "maquina": 1
  }
},
{
  "pk": 3, 
  "model": "produccion.tareamaquina", 
  "fields": {
    "tarea": 3, 
    "maquina": 2
  }
},
{
  "pk": 4, 
  "model": "produccion.tareamaquina", 
  "fields": {
    "tarea": 4, 
    "maquina": 4
  }
},
{
  "pk": 5, 
  "model": "produccion.tareamaquina", 
  "fields": {
    "tarea": 5, 
    "maquina": 5
  }
},
{
  "pk": 6, 
  "model": "produccion.tareamaquina", 
  "fields": {
    "tarea": 6, 
    "maquina": 6
  }
},
{
  "pk": 7, 
  "model": "produccion.tareamaquina", 
  "fields": {
    "tarea": 7, 
    "maquina": 7
  }
},
{
  "pk": 8, 
  "model": "produccion.tareamaquina", 
  "fields": {
    "tarea": 8, 
    "maquina": 8
  }
},
{
  "pk": 9, 
  "model": "produccion.tareamaquina", 
  "fields": {
    "tarea": 9, 
    "maquina": 9
  }
},
{
  "pk": 10, 
  "model": "produccion.tareamaquina", 
  "fields": {
    "tarea": 10, 
    "maquina": 10
  }
},
{
  "pk": 11, 
  "model": "produccion.tareamaquina", 
  "fields": {
    "tarea": 11, 
    "maquina": 11
  }
},
{
  "pk": 12, 
  "model": "produccion.tareamaquina", 
  "fields": {
    "tarea": 12, 
    "maquina": 12
  }
},
{
  "pk": 13, 
  "model": "produccion.tareamaquina", 
  "fields": {
    "tarea": 13, 
    "maquina": 13
  }
},
{
  "pk": 14, 
  "model": "produccion.tareamaquina", 
  "fields": {
    "tarea": 3, 
    "maquina": 3
  }
},
{
  "pk": 1, 
  "model": "produccion.producto", 
  "fields": {
    "descripcion": "Neum\u00e1tico de Auto"
  }
},
{
  "pk": 2, 
  "model": "produccion.producto", 
  "fields": {
    "descripcion": "Neum\u00e1tico de moto"
  }
},
{
  "pk": 1, 
  "model": "produccion.tareaproducto", 
  "fields": {
    "producto": 1, 
    "tarea": 13
  }
},
{
  "pk": 2, 
  "model": "produccion.tareaproducto", 
  "fields": {
    "producto": 1, 
    "tarea": 8
  }
},
{
  "pk": 3, 
  "model": "produccion.tareaproducto", 
  "fields": {
    "producto": 1, 
    "tarea": 1
  }
},
{
  "pk": 4, 
  "model": "produccion.tareaproducto", 
  "fields": {
    "producto": 1, 
    "tarea": 7
  }
},
{
  "pk": 5, 
  "model": "produccion.tareaproducto", 
  "fields": {
    "producto": 1, 
    "tarea": 5
  }
},
{
  "pk": 6, 
  "model": "produccion.tareaproducto", 
  "fields": {
    "producto": 1, 
    "tarea": 12
  }
},
{
  "pk": 7, 
  "model": "produccion.tareaproducto", 
  "fields": {
    "producto": 1, 
    "tarea": 2
  }
},
{
  "pk": 8, 
  "model": "produccion.tareaproducto", 
  "fields": {
    "producto": 1, 
    "tarea": 3
  }
},
{
  "pk": 9, 
  "model": "produccion.tareaproducto", 
  "fields": {
    "producto": 1, 
    "tarea": 6
  }
},
{
  "pk": 10, 
  "model": "produccion.tareaproducto", 
  "fields": {
    "producto": 1, 
    "tarea": 9
  }
},
{
  "pk": 11, 
  "model": "produccion.tareaproducto", 
  "fields": {
    "producto": 1, 
    "tarea": 4
  }
},
{
  "pk": 12, 
  "model": "produccion.tareaproducto", 
  "fields": {
    "producto": 1, 
    "tarea": 10
  }
},
{
  "pk": 13, 
  "model": "produccion.tareaproducto", 
  "fields": {
    "producto": 1, 
    "tarea": 11
  }
},
{
  "pk": 14, 
  "model": "produccion.tareaproducto", 
  "fields": {
    "producto": 2, 
    "tarea": 11
  }
},
{
  "pk": 15, 
  "model": "produccion.tareaproducto", 
  "fields": {
    "producto": 2, 
    "tarea": 10
  }
},
{
  "pk": 16, 
  "model": "produccion.tareaproducto", 
  "fields": {
    "producto": 2, 
    "tarea": 9
  }
},
{
  "pk": 17, 
  "model": "produccion.tareaproducto", 
  "fields": {
    "producto": 2, 
    "tarea": 5
  }
},
{
  "pk": 18, 
  "model": "produccion.tareaproducto", 
  "fields": {
    "producto": 2, 
    "tarea": 4
  }
},
{
  "pk": 19, 
  "model": "produccion.tareaproducto", 
  "fields": {
    "producto": 2, 
    "tarea": 3
  }
},
{
  "pk": 20, 
  "model": "produccion.tareaproducto", 
  "fields": {
    "producto": 2, 
    "tarea": 1
  }
},
{
  "pk": 21, 
  "model": "produccion.tareaproducto", 
  "fields": {
    "producto": 2, 
    "tarea": 2
  }
},
{
  "pk": 22, 
  "model": "produccion.tareaproducto", 
  "fields": {
    "producto": 2, 
    "tarea": 7
  }
},
{
  "pk": 23, 
  "model": "produccion.tareaproducto", 
  "fields": {
    "producto": 2, 
    "tarea": 6
  }
},
{
  "pk": 1, 
  "model": "produccion.dependenciatareaproducto", 
  "fields": {
    "producto": 1, 
    "tarea_anteriorproducto": 12, 
    "tarea": 11, 
    "tarea_anterior": 10, 
    "tareaproducto": 13
  }
},
{
  "pk": 2, 
  "model": "produccion.dependenciatareaproducto", 
  "fields": {
    "producto": 1, 
    "tarea_anteriorproducto": 10, 
    "tarea": 10, 
    "tarea_anterior": 9, 
    "tareaproducto": 12
  }
},
{
  "pk": 4, 
  "model": "produccion.dependenciatareaproducto", 
  "fields": {
    "producto": 1, 
    "tarea_anteriorproducto": 11, 
    "tarea": 5, 
    "tarea_anterior": 4, 
    "tareaproducto": 5
  }
},
{
  "pk": 5, 
  "model": "produccion.dependenciatareaproducto", 
  "fields": {
    "producto": 1, 
    "tarea_anteriorproducto": 8, 
    "tarea": 4, 
    "tarea_anterior": 3, 
    "tareaproducto": 11
  }
},
{
  "pk": 6, 
  "model": "produccion.dependenciatareaproducto", 
  "fields": {
    "producto": 1, 
    "tarea_anteriorproducto": 5, 
    "tarea": 9, 
    "tarea_anterior": 5, 
    "tareaproducto": 10
  }
},
{
  "pk": 7, 
  "model": "produccion.dependenciatareaproducto", 
  "fields": {
    "producto": 1, 
    "tarea_anteriorproducto": 3, 
    "tarea": 3, 
    "tarea_anterior": 1, 
    "tareaproducto": 8
  }
},
{
  "pk": 8, 
  "model": "produccion.dependenciatareaproducto", 
  "fields": {
    "producto": 1, 
    "tarea_anteriorproducto": 4, 
    "tarea": 3, 
    "tarea_anterior": 7, 
    "tareaproducto": 8
  }
},
{
  "pk": 9, 
  "model": "produccion.dependenciatareaproducto", 
  "fields": {
    "producto": 1, 
    "tarea_anteriorproducto": 2, 
    "tarea": 3, 
    "tarea_anterior": 8, 
    "tareaproducto": 8
  }
},
{
  "pk": 10, 
  "model": "produccion.dependenciatareaproducto", 
  "fields": {
    "producto": 1, 
    "tarea_anteriorproducto": 1, 
    "tarea": 3, 
    "tarea_anterior": 13, 
    "tareaproducto": 8
  }
},
{
  "pk": 11, 
  "model": "produccion.dependenciatareaproducto", 
  "fields": {
    "producto": 1, 
    "tarea_anteriorproducto": 7, 
    "tarea": 1, 
    "tarea_anterior": 2, 
    "tareaproducto": 3
  }
},
{
  "pk": 12, 
  "model": "produccion.dependenciatareaproducto", 
  "fields": {
    "producto": 1, 
    "tarea_anteriorproducto": 9, 
    "tarea": 7, 
    "tarea_anterior": 6, 
    "tareaproducto": 4
  }
},
{
  "pk": 13, 
  "model": "produccion.dependenciatareaproducto", 
  "fields": {
    "producto": 1, 
    "tarea_anteriorproducto": 6, 
    "tarea": 8, 
    "tarea_anterior": 12, 
    "tareaproducto": 2
  }
},
{
  "pk": 14, 
  "model": "produccion.dependenciatareaproducto", 
  "fields": {
    "producto": 2, 
    "tarea_anteriorproducto": 15, 
    "tarea": 11, 
    "tarea_anterior": 10, 
    "tareaproducto": 14
  }
},
{
  "pk": 15, 
  "model": "produccion.dependenciatareaproducto", 
  "fields": {
    "producto": 2, 
    "tarea_anteriorproducto": 16, 
    "tarea": 10, 
    "tarea_anterior": 9, 
    "tareaproducto": 15
  }
},
{
  "pk": 16, 
  "model": "produccion.dependenciatareaproducto", 
  "fields": {
    "producto": 2, 
    "tarea_anteriorproducto": 17, 
    "tarea": 9, 
    "tarea_anterior": 5, 
    "tareaproducto": 16
  }
},
{
  "pk": 17, 
  "model": "produccion.dependenciatareaproducto", 
  "fields": {
    "producto": 2, 
    "tarea_anteriorproducto": 18, 
    "tarea": 5, 
    "tarea_anterior": 4, 
    "tareaproducto": 17
  }
},
{
  "pk": 18, 
  "model": "produccion.dependenciatareaproducto", 
  "fields": {
    "producto": 2, 
    "tarea_anteriorproducto": 19, 
    "tarea": 4, 
    "tarea_anterior": 3, 
    "tareaproducto": 18
  }
},
{
  "pk": 19, 
  "model": "produccion.dependenciatareaproducto", 
  "fields": {
    "producto": 2, 
    "tarea_anteriorproducto": 20, 
    "tarea": 3, 
    "tarea_anterior": 1, 
    "tareaproducto": 19
  }
},
{
  "pk": 20, 
  "model": "produccion.dependenciatareaproducto", 
  "fields": {
    "producto": 2, 
    "tarea_anteriorproducto": 22, 
    "tarea": 3, 
    "tarea_anterior": 7, 
    "tareaproducto": 19
  }
},
{
  "pk": 21, 
  "model": "produccion.dependenciatareaproducto", 
  "fields": {
    "producto": 2, 
    "tarea_anteriorproducto": 21, 
    "tarea": 1, 
    "tarea_anterior": 2, 
    "tareaproducto": 20
  }
},
{
  "pk": 22, 
  "model": "produccion.dependenciatareaproducto", 
  "fields": {
    "producto": 2, 
    "tarea_anteriorproducto": 23, 
    "tarea": 7, 
    "tarea_anterior": 6, 
    "tareaproducto": 22
  }
},
{
  "pk": 1, 
  "model": "produccion.pedido", 
  "fields": {
    "descripcion": "Neum\u00e1ticos de auto x 20 (5x1)"
  }
},
{
  "pk": 2, 
  "model": "produccion.pedido", 
  "fields": {
    "descripcion": "Neum\u00e1ticos moto"
  }
},
{
  "pk": 1, 
  "model": "produccion.itempedido", 
  "fields": {
    "producto": 1, 
    "pedido": 1, 
    "cantidad": "100"
  }
},
{
  "pk": 3, 
  "model": "produccion.itempedido", 
  "fields": {
    "producto": 2, 
    "pedido": 2, 
    "cantidad": "200"
  }
},
{
  "pk": 2, 
  "model": "planificacion.cronograma", 
  "fields": {
    "fecha_inicio": "2014-05-18T00:00:00Z", 
    "optimizar_planificacion": true, 
    "descripcion": "Cronograma con pedido de neum\u00e1ticos de motos y de autos", 
    "estrategia": 2, 
    "estado": 3, 
    "tiempo_minimo_intervalo": "60"
  }
},
{
  "pk": 3, 
  "model": "planificacion.cronograma", 
  "fields": {
    "fecha_inicio": "2014-05-18T00:00:00Z", 
    "optimizar_planificacion": true, 
    "descripcion": "Solo neum\u00e1ticos de moto", 
    "estrategia": 2, 
    "estado": 0, 
    "tiempo_minimo_intervalo": "60"
  }
},
{
  "pk": 4, 
  "model": "planificacion.cronograma", 
  "fields": {
    "fecha_inicio": "2014-05-18T00:00:00Z", 
    "optimizar_planificacion": true, 
    "descripcion": "Solo neum\u00e1ticos de auto", 
    "estrategia": 2, 
    "estado": 3, 
    "tiempo_minimo_intervalo": "30"
  }
},
{
  "pk": 5, 
  "model": "planificacion.cronograma", 
  "fields": {
    "fecha_inicio": "2014-05-18T00:00:00Z", 
    "optimizar_planificacion": true, 
    "descripcion": "Solo neum\u00e1ticos de auto 2", 
    "estrategia": 2, 
    "estado": 2, 
    "tiempo_minimo_intervalo": "30"
  }
},
{
  "pk": 2, 
  "model": "planificacion.pedidocronograma", 
  "fields": {
    "cronograma": 2, 
    "pedido": 2
  }
},
{
  "pk": 3, 
  "model": "planificacion.pedidocronograma", 
  "fields": {
    "cronograma": 2, 
    "pedido": 1
  }
},
{
  "pk": 4, 
  "model": "planificacion.pedidocronograma", 
  "fields": {
    "cronograma": 3, 
    "pedido": 2
  }
},
{
  "pk": 5, 
  "model": "planificacion.pedidocronograma", 
  "fields": {
    "cronograma": 4, 
    "pedido": 1
  }
},
{
  "pk": 6, 
  "model": "planificacion.pedidocronograma", 
  "fields": {
    "cronograma": 5, 
    "pedido": 1
  }
},
{
  "pk": 14, 
  "model": "planificacion.maquinacronograma", 
  "fields": {
    "cronograma": 2, 
    "maquina": 1
  }
},
{
  "pk": 15, 
  "model": "planificacion.maquinacronograma", 
  "fields": {
    "cronograma": 2, 
    "maquina": 2
  }
},
{
  "pk": 16, 
  "model": "planificacion.maquinacronograma", 
  "fields": {
    "cronograma": 2, 
    "maquina": 3
  }
},
{
  "pk": 17, 
  "model": "planificacion.maquinacronograma", 
  "fields": {
    "cronograma": 2, 
    "maquina": 4
  }
},
{
  "pk": 18, 
  "model": "planificacion.maquinacronograma", 
  "fields": {
    "cronograma": 2, 
    "maquina": 5
  }
},
{
  "pk": 19, 
  "model": "planificacion.maquinacronograma", 
  "fields": {
    "cronograma": 2, 
    "maquina": 6
  }
},
{
  "pk": 20, 
  "model": "planificacion.maquinacronograma", 
  "fields": {
    "cronograma": 2, 
    "maquina": 7
  }
},
{
  "pk": 21, 
  "model": "planificacion.maquinacronograma", 
  "fields": {
    "cronograma": 2, 
    "maquina": 9
  }
},
{
  "pk": 22, 
  "model": "planificacion.maquinacronograma", 
  "fields": {
    "cronograma": 2, 
    "maquina": 10
  }
},
{
  "pk": 23, 
  "model": "planificacion.maquinacronograma", 
  "fields": {
    "cronograma": 2, 
    "maquina": 11
  }
},
{
  "pk": 24, 
  "model": "planificacion.maquinacronograma", 
  "fields": {
    "cronograma": 2, 
    "maquina": 8
  }
},
{
  "pk": 25, 
  "model": "planificacion.maquinacronograma", 
  "fields": {
    "cronograma": 2, 
    "maquina": 12
  }
},
{
  "pk": 26, 
  "model": "planificacion.maquinacronograma", 
  "fields": {
    "cronograma": 2, 
    "maquina": 13
  }
},
{
  "pk": 27, 
  "model": "planificacion.maquinacronograma", 
  "fields": {
    "cronograma": 3, 
    "maquina": 1
  }
},
{
  "pk": 28, 
  "model": "planificacion.maquinacronograma", 
  "fields": {
    "cronograma": 3, 
    "maquina": 2
  }
},
{
  "pk": 29, 
  "model": "planificacion.maquinacronograma", 
  "fields": {
    "cronograma": 3, 
    "maquina": 3
  }
},
{
  "pk": 30, 
  "model": "planificacion.maquinacronograma", 
  "fields": {
    "cronograma": 3, 
    "maquina": 4
  }
},
{
  "pk": 31, 
  "model": "planificacion.maquinacronograma", 
  "fields": {
    "cronograma": 3, 
    "maquina": 5
  }
},
{
  "pk": 32, 
  "model": "planificacion.maquinacronograma", 
  "fields": {
    "cronograma": 3, 
    "maquina": 6
  }
},
{
  "pk": 33, 
  "model": "planificacion.maquinacronograma", 
  "fields": {
    "cronograma": 3, 
    "maquina": 7
  }
},
{
  "pk": 34, 
  "model": "planificacion.maquinacronograma", 
  "fields": {
    "cronograma": 3, 
    "maquina": 9
  }
},
{
  "pk": 35, 
  "model": "planificacion.maquinacronograma", 
  "fields": {
    "cronograma": 3, 
    "maquina": 10
  }
},
{
  "pk": 36, 
  "model": "planificacion.maquinacronograma", 
  "fields": {
    "cronograma": 3, 
    "maquina": 11
  }
},
{
  "pk": 37, 
  "model": "planificacion.maquinacronograma", 
  "fields": {
    "cronograma": 4, 
    "maquina": 1
  }
},
{
  "pk": 38, 
  "model": "planificacion.maquinacronograma", 
  "fields": {
    "cronograma": 4, 
    "maquina": 2
  }
},
{
  "pk": 39, 
  "model": "planificacion.maquinacronograma", 
  "fields": {
    "cronograma": 4, 
    "maquina": 3
  }
},
{
  "pk": 40, 
  "model": "planificacion.maquinacronograma", 
  "fields": {
    "cronograma": 4, 
    "maquina": 4
  }
},
{
  "pk": 41, 
  "model": "planificacion.maquinacronograma", 
  "fields": {
    "cronograma": 4, 
    "maquina": 5
  }
},
{
  "pk": 42, 
  "model": "planificacion.maquinacronograma", 
  "fields": {
    "cronograma": 4, 
    "maquina": 6
  }
},
{
  "pk": 43, 
  "model": "planificacion.maquinacronograma", 
  "fields": {
    "cronograma": 4, 
    "maquina": 7
  }
},
{
  "pk": 44, 
  "model": "planificacion.maquinacronograma", 
  "fields": {
    "cronograma": 4, 
    "maquina": 8
  }
},
{
  "pk": 45, 
  "model": "planificacion.maquinacronograma", 
  "fields": {
    "cronograma": 4, 
    "maquina": 9
  }
},
{
  "pk": 46, 
  "model": "planificacion.maquinacronograma", 
  "fields": {
    "cronograma": 4, 
    "maquina": 10
  }
},
{
  "pk": 47, 
  "model": "planificacion.maquinacronograma", 
  "fields": {
    "cronograma": 4, 
    "maquina": 11
  }
},
{
  "pk": 48, 
  "model": "planificacion.maquinacronograma", 
  "fields": {
    "cronograma": 4, 
    "maquina": 12
  }
},
{
  "pk": 49, 
  "model": "planificacion.maquinacronograma", 
  "fields": {
    "cronograma": 4, 
    "maquina": 13
  }
},
{
  "pk": 50, 
  "model": "planificacion.maquinacronograma", 
  "fields": {
    "cronograma": 5, 
    "maquina": 1
  }
},
{
  "pk": 51, 
  "model": "planificacion.maquinacronograma", 
  "fields": {
    "cronograma": 5, 
    "maquina": 2
  }
},
{
  "pk": 52, 
  "model": "planificacion.maquinacronograma", 
  "fields": {
    "cronograma": 5, 
    "maquina": 3
  }
},
{
  "pk": 53, 
  "model": "planificacion.maquinacronograma", 
  "fields": {
    "cronograma": 5, 
    "maquina": 4
  }
},
{
  "pk": 54, 
  "model": "planificacion.maquinacronograma", 
  "fields": {
    "cronograma": 5, 
    "maquina": 5
  }
},
{
  "pk": 55, 
  "model": "planificacion.maquinacronograma", 
  "fields": {
    "cronograma": 5, 
    "maquina": 6
  }
},
{
  "pk": 56, 
  "model": "planificacion.maquinacronograma", 
  "fields": {
    "cronograma": 5, 
    "maquina": 7
  }
},
{
  "pk": 57, 
  "model": "planificacion.maquinacronograma", 
  "fields": {
    "cronograma": 5, 
    "maquina": 8
  }
},
{
  "pk": 58, 
  "model": "planificacion.maquinacronograma", 
  "fields": {
    "cronograma": 5, 
    "maquina": 9
  }
},
{
  "pk": 59, 
  "model": "planificacion.maquinacronograma", 
  "fields": {
    "cronograma": 5, 
    "maquina": 10
  }
},
{
  "pk": 60, 
  "model": "planificacion.maquinacronograma", 
  "fields": {
    "cronograma": 5, 
    "maquina": 11
  }
},
{
  "pk": 61, 
  "model": "planificacion.maquinacronograma", 
  "fields": {
    "cronograma": 5, 
    "maquina": 12
  }
},
{
  "pk": 62, 
  "model": "planificacion.maquinacronograma", 
  "fields": {
    "cronograma": 5, 
    "maquina": 13
  }
},
{
  "pk": 1, 
  "model": "planificacion.intervalocronograma", 
  "fields": {
    "fecha_desde": "2014-05-19T08:00:00Z", 
    "maquinacronograma": 14, 
    "tareaproducto": 7, 
    "fecha_hasta": "2014-05-19T08:40:00Z", 
    "maquina": 1, 
    "pedidocronograma": 3, 
    "item": 1, 
    "estado": 2, 
    "cantidad_tarea": "100", 
    "tareamaquina": 2, 
    "cronograma": 2, 
    "tarea": 2, 
    "tiempo_intervalo": "40", 
    "cantidad_tarea_real": "1"
  }
},
{
  "pk": 2, 
  "model": "planificacion.intervalocronograma", 
  "fields": {
    "fecha_desde": "2014-05-19T08:00:00Z", 
    "maquinacronograma": 19, 
    "tareaproducto": 9, 
    "fecha_hasta": "2014-05-19T08:40:00Z", 
    "maquina": 6, 
    "pedidocronograma": 3, 
    "item": 1, 
    "estado": 2, 
    "cantidad_tarea": "100", 
    "tareamaquina": 6, 
    "cronograma": 2, 
    "tarea": 6, 
    "tiempo_intervalo": "40", 
    "cantidad_tarea_real": "1"
  }
},
{
  "pk": 3, 
  "model": "planificacion.intervalocronograma", 
  "fields": {
    "fecha_desde": "2014-05-19T08:00:00Z", 
    "maquinacronograma": 25, 
    "tareaproducto": 6, 
    "fecha_hasta": "2014-05-19T08:40:00Z", 
    "maquina": 12, 
    "pedidocronograma": 3, 
    "item": 1, 
    "estado": 2, 
    "cantidad_tarea": "100", 
    "tareamaquina": 12, 
    "cronograma": 2, 
    "tarea": 12, 
    "tiempo_intervalo": "40", 
    "cantidad_tarea_real": "1"
  }
},
{
  "pk": 4, 
  "model": "planificacion.intervalocronograma", 
  "fields": {
    "fecha_desde": "2014-05-19T08:00:00Z", 
    "maquinacronograma": 26, 
    "tareaproducto": 1, 
    "fecha_hasta": "2014-05-19T09:40:00Z", 
    "maquina": 13, 
    "pedidocronograma": 3, 
    "item": 1, 
    "estado": 2, 
    "cantidad_tarea": "100", 
    "tareamaquina": 13, 
    "cronograma": 2, 
    "tarea": 13, 
    "tiempo_intervalo": "100", 
    "cantidad_tarea_real": "1"
  }
},
{
  "pk": 5, 
  "model": "planificacion.intervalocronograma", 
  "fields": {
    "fecha_desde": "2014-05-19T08:40:01Z", 
    "maquinacronograma": 14, 
    "tareaproducto": 3, 
    "fecha_hasta": "2014-05-19T09:00:01Z", 
    "maquina": 1, 
    "pedidocronograma": 3, 
    "item": 1, 
    "estado": 2, 
    "cantidad_tarea": "100", 
    "tareamaquina": 1, 
    "cronograma": 2, 
    "tarea": 1, 
    "tiempo_intervalo": "20", 
    "cantidad_tarea_real": "1"
  }
},
{
  "pk": 6, 
  "model": "planificacion.intervalocronograma", 
  "fields": {
    "fecha_desde": "2014-05-19T08:00:00Z", 
    "maquinacronograma": 20, 
    "tareaproducto": 4, 
    "fecha_hasta": "2014-05-19T09:00:00Z", 
    "maquina": 7, 
    "pedidocronograma": 3, 
    "item": 1, 
    "estado": 2, 
    "cantidad_tarea": "100", 
    "tareamaquina": 7, 
    "cronograma": 2, 
    "tarea": 7, 
    "tiempo_intervalo": "60", 
    "cantidad_tarea_real": "1"
  }
},
{
  "pk": 7, 
  "model": "planificacion.intervalocronograma", 
  "fields": {
    "fecha_desde": "2014-05-19T08:29:59Z", 
    "maquinacronograma": 24, 
    "tareaproducto": 2, 
    "fecha_hasta": "2014-05-19T08:39:59Z", 
    "maquina": 8, 
    "pedidocronograma": 3, 
    "item": 1, 
    "estado": 2, 
    "cantidad_tarea": "100", 
    "tareamaquina": 8, 
    "cronograma": 2, 
    "tarea": 8, 
    "tiempo_intervalo": "10", 
    "cantidad_tarea_real": "1"
  }
},
{
  "pk": 8, 
  "model": "planificacion.intervalocronograma", 
  "fields": {
    "fecha_desde": "2014-05-19T08:39:49Z", 
    "maquinacronograma": 16, 
    "tareaproducto": 8, 
    "fecha_hasta": "2014-05-19T11:59:49Z", 
    "maquina": 3, 
    "pedidocronograma": 3, 
    "item": 1, 
    "estado": 2, 
    "cantidad_tarea": "100", 
    "tareamaquina": 14, 
    "cronograma": 2, 
    "tarea": 3, 
    "tiempo_intervalo": "200", 
    "cantidad_tarea_real": "1"
  }
},
{
  "pk": 9, 
  "model": "planificacion.intervalocronograma", 
  "fields": {
    "fecha_desde": "2014-05-19T09:29:37Z", 
    "maquinacronograma": 17, 
    "tareaproducto": 11, 
    "fecha_hasta": "2014-05-19T11:59:37Z", 
    "maquina": 4, 
    "pedidocronograma": 3, 
    "item": 1, 
    "estado": 2, 
    "cantidad_tarea": "100", 
    "tareamaquina": 4, 
    "cronograma": 2, 
    "tarea": 4, 
    "tiempo_intervalo": "150", 
    "cantidad_tarea_real": "1"
  }
},
{
  "pk": 10, 
  "model": "planificacion.intervalocronograma", 
  "fields": {
    "fecha_desde": "2014-05-19T13:00:00Z", 
    "maquinacronograma": 18, 
    "tareaproducto": 5, 
    "fecha_hasta": "2014-05-19T13:50:00Z", 
    "maquina": 5, 
    "pedidocronograma": 3, 
    "item": 1, 
    "estado": 2, 
    "cantidad_tarea": "100", 
    "tareamaquina": 5, 
    "cronograma": 2, 
    "tarea": 5, 
    "tiempo_intervalo": "50", 
    "cantidad_tarea_real": "1"
  }
},
{
  "pk": 11, 
  "model": "planificacion.intervalocronograma", 
  "fields": {
    "fecha_desde": "2014-05-19T13:34:57Z", 
    "maquinacronograma": 21, 
    "tareaproducto": 10, 
    "fecha_hasta": "2014-05-19T13:49:57Z", 
    "maquina": 9, 
    "pedidocronograma": 3, 
    "item": 1, 
    "estado": 2, 
    "cantidad_tarea": "100", 
    "tareamaquina": 9, 
    "cronograma": 2, 
    "tarea": 9, 
    "tiempo_intervalo": "15", 
    "cantidad_tarea_real": "1"
  }
},
{
  "pk": 12, 
  "model": "planificacion.intervalocronograma", 
  "fields": {
    "fecha_desde": "2014-05-19T13:34:52Z", 
    "maquinacronograma": 22, 
    "tareaproducto": 12, 
    "fecha_hasta": "2014-05-19T15:14:52Z", 
    "maquina": 10, 
    "pedidocronograma": 3, 
    "item": 1, 
    "estado": 2, 
    "cantidad_tarea": "100", 
    "tareamaquina": 10, 
    "cronograma": 2, 
    "tarea": 10, 
    "tiempo_intervalo": "100", 
    "cantidad_tarea_real": "1"
  }
},
{
  "pk": 13, 
  "model": "planificacion.intervalocronograma", 
  "fields": {
    "fecha_desde": "2014-05-19T14:54:47Z", 
    "maquinacronograma": 23, 
    "tareaproducto": 13, 
    "fecha_hasta": "2014-05-19T15:14:47Z", 
    "maquina": 11, 
    "pedidocronograma": 3, 
    "item": 1, 
    "estado": 2, 
    "cantidad_tarea": "100", 
    "tareamaquina": 11, 
    "cronograma": 2, 
    "tarea": 11, 
    "tiempo_intervalo": "20", 
    "cantidad_tarea_real": "1"
  }
},
{
  "pk": 14, 
  "model": "planificacion.intervalocronograma", 
  "fields": {
    "fecha_desde": "2014-05-19T09:00:01Z", 
    "maquinacronograma": 14, 
    "tareaproducto": 21, 
    "fecha_hasta": "2014-05-19T10:20:01Z", 
    "maquina": 1, 
    "pedidocronograma": 2, 
    "item": 3, 
    "estado": 2, 
    "cantidad_tarea": "200", 
    "tareamaquina": 2, 
    "cronograma": 2, 
    "tarea": 2, 
    "tiempo_intervalo": "80", 
    "cantidad_tarea_real": "200"
  }
},
{
  "pk": 15, 
  "model": "planificacion.intervalocronograma", 
  "fields": {
    "fecha_desde": "2014-05-19T08:40:01Z", 
    "maquinacronograma": 19, 
    "tareaproducto": 23, 
    "fecha_hasta": "2014-05-19T10:00:01Z", 
    "maquina": 6, 
    "pedidocronograma": 2, 
    "item": 3, 
    "estado": 2, 
    "cantidad_tarea": "200", 
    "tareamaquina": 6, 
    "cronograma": 2, 
    "tarea": 6, 
    "tiempo_intervalo": "80", 
    "cantidad_tarea_real": "200"
  }
},
{
  "pk": 16, 
  "model": "planificacion.intervalocronograma", 
  "fields": {
    "fecha_desde": "2014-05-19T10:20:02Z", 
    "maquinacronograma": 14, 
    "tareaproducto": 20, 
    "fecha_hasta": "2014-05-19T11:00:02Z", 
    "maquina": 1, 
    "pedidocronograma": 2, 
    "item": 3, 
    "estado": 2, 
    "cantidad_tarea": "200", 
    "tareamaquina": 1, 
    "cronograma": 2, 
    "tarea": 1, 
    "tiempo_intervalo": "40", 
    "cantidad_tarea_real": "200"
  }
},
{
  "pk": 17, 
  "model": "planificacion.intervalocronograma", 
  "fields": {
    "fecha_desde": "2014-05-19T09:00:00Z", 
    "maquinacronograma": 20, 
    "tareaproducto": 22, 
    "fecha_hasta": "2014-05-19T11:00:00Z", 
    "maquina": 7, 
    "pedidocronograma": 2, 
    "item": 3, 
    "estado": 2, 
    "cantidad_tarea": "200", 
    "tareamaquina": 7, 
    "cronograma": 2, 
    "tarea": 7, 
    "tiempo_intervalo": "120", 
    "cantidad_tarea_real": "200"
  }
},
{
  "pk": 18, 
  "model": "planificacion.intervalocronograma", 
  "fields": {
    "fecha_desde": "2014-05-19T10:19:50Z", 
    "maquinacronograma": 15, 
    "tareaproducto": 19, 
    "fecha_hasta": "2014-05-19T12:00:00Z", 
    "maquina": 2, 
    "pedidocronograma": 2, 
    "item": 3, 
    "estado": 2, 
    "cantidad_tarea": "50.08", 
    "tareamaquina": 3, 
    "cronograma": 2, 
    "tarea": 3, 
    "tiempo_intervalo": "100.17", 
    "cantidad_tarea_real": "50.08"
  }
},
{
  "pk": 19, 
  "model": "planificacion.intervalocronograma", 
  "fields": {
    "fecha_desde": "2014-05-19T13:00:00Z", 
    "maquinacronograma": 15, 
    "tareaproducto": 19, 
    "fecha_hasta": "2014-05-19T16:19:49Z", 
    "maquina": 2, 
    "pedidocronograma": 2, 
    "item": 3, 
    "estado": 2, 
    "cantidad_tarea": "99.92", 
    "tareamaquina": 3, 
    "cronograma": 2, 
    "tarea": 3, 
    "tiempo_intervalo": "199.83", 
    "cantidad_tarea_real": "99.92"
  }
},
{
  "pk": 20, 
  "model": "planificacion.intervalocronograma", 
  "fields": {
    "fecha_desde": "2014-05-19T13:00:00Z", 
    "maquinacronograma": 16, 
    "tareaproducto": 19, 
    "fecha_hasta": "2014-05-19T14:40:00Z", 
    "maquina": 3, 
    "pedidocronograma": 2, 
    "item": 3, 
    "estado": 2, 
    "cantidad_tarea": "50", 
    "tareamaquina": 14, 
    "cronograma": 2, 
    "tarea": 3, 
    "tiempo_intervalo": "100", 
    "cantidad_tarea_real": "50"
  }
},
{
  "pk": 21, 
  "model": "planificacion.intervalocronograma", 
  "fields": {
    "fecha_desde": "2014-05-19T13:00:00Z", 
    "maquinacronograma": 17, 
    "tareaproducto": 18, 
    "fecha_hasta": "2014-05-19T17:00:00Z", 
    "maquina": 4, 
    "pedidocronograma": 2, 
    "item": 3, 
    "estado": 2, 
    "cantidad_tarea": "160", 
    "tareamaquina": 4, 
    "cronograma": 2, 
    "tarea": 4, 
    "tiempo_intervalo": "240", 
    "cantidad_tarea_real": "160"
  }
},
{
  "pk": 22, 
  "model": "planificacion.intervalocronograma", 
  "fields": {
    "fecha_desde": "2014-05-20T08:00:00Z", 
    "maquinacronograma": 17, 
    "tareaproducto": 18, 
    "fecha_hasta": "2014-05-20T09:00:00Z", 
    "maquina": 4, 
    "pedidocronograma": 2, 
    "item": 3, 
    "estado": 2, 
    "cantidad_tarea": "40", 
    "tareamaquina": 4, 
    "cronograma": 2, 
    "tarea": 4, 
    "tiempo_intervalo": "60", 
    "cantidad_tarea_real": "40"
  }
},
{
  "pk": 23, 
  "model": "planificacion.intervalocronograma", 
  "fields": {
    "fecha_desde": "2014-05-19T15:39:57Z", 
    "maquinacronograma": 18, 
    "tareaproducto": 17, 
    "fecha_hasta": "2014-05-19T17:00:00Z", 
    "maquina": 5, 
    "pedidocronograma": 2, 
    "item": 3, 
    "estado": 2, 
    "cantidad_tarea": "160.1", 
    "tareamaquina": 5, 
    "cronograma": 2, 
    "tarea": 5, 
    "tiempo_intervalo": "80.05", 
    "cantidad_tarea_real": "160.1"
  }
},
{
  "pk": 24, 
  "model": "planificacion.intervalocronograma", 
  "fields": {
    "fecha_desde": "2014-05-20T08:39:54Z", 
    "maquinacronograma": 18, 
    "tareaproducto": 17, 
    "fecha_hasta": "2014-05-20T08:59:51Z", 
    "maquina": 5, 
    "pedidocronograma": 2, 
    "item": 3, 
    "estado": 2, 
    "cantidad_tarea": "39.9", 
    "tareamaquina": 5, 
    "cronograma": 2, 
    "tarea": 5, 
    "tiempo_intervalo": "19.95", 
    "cantidad_tarea_real": "39.9"
  }
},
{
  "pk": 25, 
  "model": "planificacion.intervalocronograma", 
  "fields": {
    "fecha_desde": "2014-05-20T08:29:49Z", 
    "maquinacronograma": 21, 
    "tareaproducto": 16, 
    "fecha_hasta": "2014-05-20T08:59:49Z", 
    "maquina": 9, 
    "pedidocronograma": 2, 
    "item": 3, 
    "estado": 2, 
    "cantidad_tarea": "200", 
    "tareamaquina": 9, 
    "cronograma": 2, 
    "tarea": 9, 
    "tiempo_intervalo": "30", 
    "cantidad_tarea_real": "200"
  }
},
{
  "pk": 26, 
  "model": "planificacion.intervalocronograma", 
  "fields": {
    "fecha_desde": "2014-05-20T08:29:37Z", 
    "maquinacronograma": 22, 
    "tareaproducto": 15, 
    "fecha_hasta": "2014-05-20T11:59:59Z", 
    "maquina": 10, 
    "pedidocronograma": 2, 
    "item": 3, 
    "estado": 2, 
    "cantidad_tarea": "105.19", 
    "tareamaquina": 10, 
    "cronograma": 2, 
    "tarea": 10, 
    "tiempo_intervalo": "210.38", 
    "cantidad_tarea_real": "105.19"
  }
},
{
  "pk": 27, 
  "model": "planificacion.intervalocronograma", 
  "fields": {
    "fecha_desde": "2014-05-20T13:00:00Z", 
    "maquinacronograma": 22, 
    "tareaproducto": 15, 
    "fecha_hasta": "2014-05-20T16:09:37Z", 
    "maquina": 10, 
    "pedidocronograma": 2, 
    "item": 3, 
    "estado": 2, 
    "cantidad_tarea": "94.81", 
    "tareamaquina": 10, 
    "cronograma": 2, 
    "tarea": 10, 
    "tiempo_intervalo": "189.62", 
    "cantidad_tarea_real": "94.81"
  }
},
{
  "pk": 28, 
  "model": "planificacion.intervalocronograma", 
  "fields": {
    "fecha_desde": "2014-05-20T15:29:26Z", 
    "maquinacronograma": 23, 
    "tareaproducto": 14, 
    "fecha_hasta": "2014-05-20T16:09:26Z", 
    "maquina": 11, 
    "pedidocronograma": 2, 
    "item": 3, 
    "estado": 2, 
    "cantidad_tarea": "200", 
    "tareamaquina": 11, 
    "cronograma": 2, 
    "tarea": 11, 
    "tiempo_intervalo": "40", 
    "cantidad_tarea_real": "200"
  }
},
{
  "pk": 29, 
  "model": "planificacion.intervalocronograma", 
  "fields": {
    "fecha_desde": "2014-05-19T11:00:02Z", 
    "maquinacronograma": 37, 
    "tareaproducto": 7, 
    "fecha_hasta": "2014-05-19T11:39:38Z", 
    "maquina": 1, 
    "pedidocronograma": 5, 
    "item": 1, 
    "estado": 2, 
    "cantidad_tarea": "99", 
    "tareamaquina": 2, 
    "cronograma": 4, 
    "tarea": 2, 
    "tiempo_intervalo": "39.6", 
    "cantidad_tarea_real": "4"
  }
},
{
  "pk": 30, 
  "model": "planificacion.intervalocronograma", 
  "fields": {
    "fecha_desde": "2014-05-19T10:00:01Z", 
    "maquinacronograma": 42, 
    "tareaproducto": 9, 
    "fecha_hasta": "2014-05-19T10:39:37Z", 
    "maquina": 6, 
    "pedidocronograma": 5, 
    "item": 1, 
    "estado": 2, 
    "cantidad_tarea": "99", 
    "tareamaquina": 6, 
    "cronograma": 4, 
    "tarea": 6, 
    "tiempo_intervalo": "39.6", 
    "cantidad_tarea_real": "4"
  }
},
{
  "pk": 31, 
  "model": "planificacion.intervalocronograma", 
  "fields": {
    "fecha_desde": "2014-05-19T08:40:01Z", 
    "maquinacronograma": 48, 
    "tareaproducto": 6, 
    "fecha_hasta": "2014-05-19T09:19:37Z", 
    "maquina": 12, 
    "pedidocronograma": 5, 
    "item": 1, 
    "estado": 2, 
    "cantidad_tarea": "99", 
    "tareamaquina": 12, 
    "cronograma": 4, 
    "tarea": 12, 
    "tiempo_intervalo": "39.6", 
    "cantidad_tarea_real": "4"
  }
},
{
  "pk": 32, 
  "model": "planificacion.intervalocronograma", 
  "fields": {
    "fecha_desde": "2014-05-19T09:40:01Z", 
    "maquinacronograma": 49, 
    "tareaproducto": 1, 
    "fecha_hasta": "2014-05-19T11:19:01Z", 
    "maquina": 13, 
    "pedidocronograma": 5, 
    "item": 1, 
    "estado": 2, 
    "cantidad_tarea": "99", 
    "tareamaquina": 13, 
    "cronograma": 4, 
    "tarea": 13, 
    "tiempo_intervalo": "99", 
    "cantidad_tarea_real": "4"
  }
},
{
  "pk": 33, 
  "model": "planificacion.intervalocronograma", 
  "fields": {
    "fecha_desde": "2014-05-19T13:00:00Z", 
    "maquinacronograma": 37, 
    "tareaproducto": 3, 
    "fecha_hasta": "2014-05-19T13:19:48Z", 
    "maquina": 1, 
    "pedidocronograma": 5, 
    "item": 1, 
    "estado": 2, 
    "cantidad_tarea": "99", 
    "tareamaquina": 1, 
    "cronograma": 4, 
    "tarea": 1, 
    "tiempo_intervalo": "19.8", 
    "cantidad_tarea_real": "4"
  }
},
{
  "pk": 34, 
  "model": "planificacion.intervalocronograma", 
  "fields": {
    "fecha_desde": "2014-05-19T11:00:00Z", 
    "maquinacronograma": 43, 
    "tareaproducto": 4, 
    "fecha_hasta": "2014-05-19T11:59:24Z", 
    "maquina": 7, 
    "pedidocronograma": 5, 
    "item": 1, 
    "estado": 2, 
    "cantidad_tarea": "99", 
    "tareamaquina": 7, 
    "cronograma": 4, 
    "tarea": 7, 
    "tiempo_intervalo": "59.4", 
    "cantidad_tarea_real": "4"
  }
},
{
  "pk": 35, 
  "model": "planificacion.intervalocronograma", 
  "fields": {
    "fecha_desde": "2014-05-19T09:09:41Z", 
    "maquinacronograma": 44, 
    "tareaproducto": 2, 
    "fecha_hasta": "2014-05-19T09:19:35Z", 
    "maquina": 8, 
    "pedidocronograma": 5, 
    "item": 1, 
    "estado": 2, 
    "cantidad_tarea": "99", 
    "tareamaquina": 8, 
    "cronograma": 4, 
    "tarea": 8, 
    "tiempo_intervalo": "9.9", 
    "cantidad_tarea_real": "4"
  }
},
{
  "pk": 36, 
  "model": "planificacion.intervalocronograma", 
  "fields": {
    "fecha_desde": "2014-05-19T16:19:50Z", 
    "maquinacronograma": 38, 
    "tareaproducto": 8, 
    "fecha_hasta": "2014-05-19T17:00:00Z", 
    "maquina": 2, 
    "pedidocronograma": 5, 
    "item": 1, 
    "estado": 2, 
    "cantidad_tarea": "20.08", 
    "tareamaquina": 3, 
    "cronograma": 4, 
    "tarea": 3, 
    "tiempo_intervalo": "40.17", 
    "cantidad_tarea_real": "1"
  }
},
{
  "pk": 37, 
  "model": "planificacion.intervalocronograma", 
  "fields": {
    "fecha_desde": "2014-05-20T08:00:00Z", 
    "maquinacronograma": 38, 
    "tareaproducto": 8, 
    "fecha_hasta": "2014-05-20T08:58:49Z", 
    "maquina": 2, 
    "pedidocronograma": 5, 
    "item": 1, 
    "estado": 2, 
    "cantidad_tarea": "29.42", 
    "tareamaquina": 3, 
    "cronograma": 4, 
    "tarea": 3, 
    "tiempo_intervalo": "58.83", 
    "cantidad_tarea_real": "1"
  }
},
{
  "pk": 38, 
  "model": "planificacion.intervalocronograma", 
  "fields": {
    "fecha_desde": "2014-05-19T14:40:01Z", 
    "maquinacronograma": 39, 
    "tareaproducto": 8, 
    "fecha_hasta": "2014-05-19T16:19:01Z", 
    "maquina": 3, 
    "pedidocronograma": 5, 
    "item": 1, 
    "estado": 2, 
    "cantidad_tarea": "49.5", 
    "tareamaquina": 14, 
    "cronograma": 4, 
    "tarea": 3, 
    "tiempo_intervalo": "99", 
    "cantidad_tarea_real": "2"
  }
},
{
  "pk": 39, 
  "model": "planificacion.intervalocronograma", 
  "fields": {
    "fecha_desde": "2014-05-20T09:00:00Z", 
    "maquinacronograma": 40, 
    "tareaproducto": 11, 
    "fecha_hasta": "2014-05-20T11:28:30Z", 
    "maquina": 4, 
    "pedidocronograma": 5, 
    "item": 1, 
    "estado": 2, 
    "cantidad_tarea": "99", 
    "tareamaquina": 4, 
    "cronograma": 4, 
    "tarea": 4, 
    "tiempo_intervalo": "148.5", 
    "cantidad_tarea_real": "4"
  }
},
{
  "pk": 40, 
  "model": "planificacion.intervalocronograma", 
  "fields": {
    "fecha_desde": "2014-05-20T10:38:52Z", 
    "maquinacronograma": 41, 
    "tareaproducto": 5, 
    "fecha_hasta": "2014-05-20T11:28:22Z", 
    "maquina": 5, 
    "pedidocronograma": 5, 
    "item": 1, 
    "estado": 2, 
    "cantidad_tarea": "99", 
    "tareamaquina": 5, 
    "cronograma": 4, 
    "tarea": 5, 
    "tiempo_intervalo": "49.5", 
    "cantidad_tarea_real": "4"
  }
},
{
  "pk": 41, 
  "model": "planificacion.intervalocronograma", 
  "fields": {
    "fecha_desde": "2014-05-20T11:13:29Z", 
    "maquinacronograma": 45, 
    "tareaproducto": 10, 
    "fecha_hasta": "2014-05-20T11:28:20Z", 
    "maquina": 9, 
    "pedidocronograma": 5, 
    "item": 1, 
    "estado": 2, 
    "cantidad_tarea": "99", 
    "tareamaquina": 9, 
    "cronograma": 4, 
    "tarea": 9, 
    "tiempo_intervalo": "14.85", 
    "cantidad_tarea_real": "4"
  }
},
{
  "pk": 42, 
  "model": "planificacion.intervalocronograma", 
  "fields": {
    "fecha_desde": "2014-05-20T16:09:38Z", 
    "maquinacronograma": 46, 
    "tareaproducto": 12, 
    "fecha_hasta": "2014-05-20T17:00:00Z", 
    "maquina": 10, 
    "pedidocronograma": 5, 
    "item": 1, 
    "estado": 2, 
    "cantidad_tarea": "50.37", 
    "tareamaquina": 10, 
    "cronograma": 4, 
    "tarea": 10, 
    "tiempo_intervalo": "50.37", 
    "cantidad_tarea_real": "3"
  }
},
{
  "pk": 43, 
  "model": "planificacion.intervalocronograma", 
  "fields": {
    "fecha_desde": "2014-05-21T08:00:00Z", 
    "maquinacronograma": 46, 
    "tareaproducto": 12, 
    "fecha_hasta": "2014-05-21T08:48:37Z", 
    "maquina": 10, 
    "pedidocronograma": 5, 
    "item": 1, 
    "estado": 2, 
    "cantidad_tarea": "48.63", 
    "tareamaquina": 10, 
    "cronograma": 4, 
    "tarea": 10, 
    "tiempo_intervalo": "48.63", 
    "cantidad_tarea_real": "1"
  }
},
{
  "pk": 44, 
  "model": "planificacion.intervalocronograma", 
  "fields": {
    "fecha_desde": "2014-05-21T08:28:44Z", 
    "maquinacronograma": 47, 
    "tareaproducto": 13, 
    "fecha_hasta": "2014-05-21T08:48:32Z", 
    "maquina": 11, 
    "pedidocronograma": 5, 
    "item": 1, 
    "estado": 2, 
    "cantidad_tarea": "99", 
    "tareamaquina": 11, 
    "cronograma": 4, 
    "tarea": 11, 
    "tiempo_intervalo": "19.8", 
    "cantidad_tarea_real": "4"
  }
},
{
  "pk": 45, 
  "model": "planificacion.intervalocronograma", 
  "fields": {
    "fecha_desde": "2014-05-19T13:19:48Z", 
    "maquinacronograma": 50, 
    "tareaproducto": 7, 
    "fecha_hasta": "2014-05-19T13:57:48Z", 
    "maquina": 1, 
    "pedidocronograma": 6, 
    "item": 1, 
    "estado": 1, 
    "cantidad_tarea": "95", 
    "tareamaquina": 2, 
    "cronograma": 5, 
    "tarea": 2, 
    "tiempo_intervalo": "38", 
    "cantidad_tarea_real": "0"
  }
},
{
  "pk": 46, 
  "model": "planificacion.intervalocronograma", 
  "fields": {
    "fecha_desde": "2014-05-19T10:39:37Z", 
    "maquinacronograma": 55, 
    "tareaproducto": 9, 
    "fecha_hasta": "2014-05-19T11:17:37Z", 
    "maquina": 6, 
    "pedidocronograma": 6, 
    "item": 1, 
    "estado": 1, 
    "cantidad_tarea": "95", 
    "tareamaquina": 6, 
    "cronograma": 5, 
    "tarea": 6, 
    "tiempo_intervalo": "38", 
    "cantidad_tarea_real": "0"
  }
},
{
  "pk": 47, 
  "model": "planificacion.intervalocronograma", 
  "fields": {
    "fecha_desde": "2014-05-19T09:19:38Z", 
    "maquinacronograma": 61, 
    "tareaproducto": 6, 
    "fecha_hasta": "2014-05-19T09:57:38Z", 
    "maquina": 12, 
    "pedidocronograma": 6, 
    "item": 1, 
    "estado": 1, 
    "cantidad_tarea": "95", 
    "tareamaquina": 12, 
    "cronograma": 5, 
    "tarea": 12, 
    "tiempo_intervalo": "38", 
    "cantidad_tarea_real": "0"
  }
},
{
  "pk": 48, 
  "model": "planificacion.intervalocronograma", 
  "fields": {
    "fecha_desde": "2014-05-19T11:19:02Z", 
    "maquinacronograma": 62, 
    "tareaproducto": 1, 
    "fecha_hasta": "2014-05-19T12:00:00Z", 
    "maquina": 13, 
    "pedidocronograma": 6, 
    "item": 1, 
    "estado": 1, 
    "cantidad_tarea": "40.97", 
    "tareamaquina": 13, 
    "cronograma": 5, 
    "tarea": 13, 
    "tiempo_intervalo": "40.97", 
    "cantidad_tarea_real": "0"
  }
},
{
  "pk": 49, 
  "model": "planificacion.intervalocronograma", 
  "fields": {
    "fecha_desde": "2014-05-19T13:00:00Z", 
    "maquinacronograma": 62, 
    "tareaproducto": 1, 
    "fecha_hasta": "2014-05-19T13:54:01Z", 
    "maquina": 13, 
    "pedidocronograma": 6, 
    "item": 1, 
    "estado": 1, 
    "cantidad_tarea": "54.03", 
    "tareamaquina": 13, 
    "cronograma": 5, 
    "tarea": 13, 
    "tiempo_intervalo": "54.03", 
    "cantidad_tarea_real": "0"
  }
},
{
  "pk": 50, 
  "model": "planificacion.intervalocronograma", 
  "fields": {
    "fecha_desde": "2014-05-19T13:57:48Z", 
    "maquinacronograma": 50, 
    "tareaproducto": 3, 
    "fecha_hasta": "2014-05-19T14:16:48Z", 
    "maquina": 1, 
    "pedidocronograma": 6, 
    "item": 1, 
    "estado": 1, 
    "cantidad_tarea": "95", 
    "tareamaquina": 1, 
    "cronograma": 5, 
    "tarea": 1, 
    "tiempo_intervalo": "19", 
    "cantidad_tarea_real": "0"
  }
},
{
  "pk": 51, 
  "model": "planificacion.intervalocronograma", 
  "fields": {
    "fecha_desde": "2014-05-19T13:00:00Z", 
    "maquinacronograma": 56, 
    "tareaproducto": 4, 
    "fecha_hasta": "2014-05-19T13:57:00Z", 
    "maquina": 7, 
    "pedidocronograma": 6, 
    "item": 1, 
    "estado": 1, 
    "cantidad_tarea": "95", 
    "tareamaquina": 7, 
    "cronograma": 5, 
    "tarea": 7, 
    "tiempo_intervalo": "57", 
    "cantidad_tarea_real": "0"
  }
},
{
  "pk": 52, 
  "model": "planificacion.intervalocronograma", 
  "fields": {
    "fecha_desde": "2014-05-19T09:48:07Z", 
    "maquinacronograma": 57, 
    "tareaproducto": 2, 
    "fecha_hasta": "2014-05-19T09:57:37Z", 
    "maquina": 8, 
    "pedidocronograma": 6, 
    "item": 1, 
    "estado": 1, 
    "cantidad_tarea": "95", 
    "tareamaquina": 8, 
    "cronograma": 5, 
    "tarea": 8, 
    "tiempo_intervalo": "9.5", 
    "cantidad_tarea_real": "0"
  }
},
{
  "pk": 53, 
  "model": "planificacion.intervalocronograma", 
  "fields": {
    "fecha_desde": "2014-05-20T08:58:49Z", 
    "maquinacronograma": 51, 
    "tareaproducto": 8, 
    "fecha_hasta": "2014-05-20T10:33:49Z", 
    "maquina": 2, 
    "pedidocronograma": 6, 
    "item": 1, 
    "estado": 1, 
    "cantidad_tarea": "47.5", 
    "tareamaquina": 3, 
    "cronograma": 5, 
    "tarea": 3, 
    "tiempo_intervalo": "95", 
    "cantidad_tarea_real": "0"
  }
},
{
  "pk": 54, 
  "model": "planificacion.intervalocronograma", 
  "fields": {
    "fecha_desde": "2014-05-19T16:19:02Z", 
    "maquinacronograma": 52, 
    "tareaproducto": 8, 
    "fecha_hasta": "2014-05-19T17:00:00Z", 
    "maquina": 3, 
    "pedidocronograma": 6, 
    "item": 1, 
    "estado": 1, 
    "cantidad_tarea": "20.48", 
    "tareamaquina": 14, 
    "cronograma": 5, 
    "tarea": 3, 
    "tiempo_intervalo": "40.97", 
    "cantidad_tarea_real": "0"
  }
},
{
  "pk": 55, 
  "model": "planificacion.intervalocronograma", 
  "fields": {
    "fecha_desde": "2014-05-20T08:00:00Z", 
    "maquinacronograma": 52, 
    "tareaproducto": 8, 
    "fecha_hasta": "2014-05-20T08:54:01Z", 
    "maquina": 3, 
    "pedidocronograma": 6, 
    "item": 1, 
    "estado": 1, 
    "cantidad_tarea": "27.02", 
    "tareamaquina": 14, 
    "cronograma": 5, 
    "tarea": 3, 
    "tiempo_intervalo": "54.03", 
    "cantidad_tarea_real": "0"
  }
},
{
  "pk": 56, 
  "model": "planificacion.intervalocronograma", 
  "fields": {
    "fecha_desde": "2014-05-20T11:28:30Z", 
    "maquinacronograma": 53, 
    "tareaproducto": 11, 
    "fecha_hasta": "2014-05-20T12:00:00Z", 
    "maquina": 4, 
    "pedidocronograma": 6, 
    "item": 1, 
    "estado": 1, 
    "cantidad_tarea": "21", 
    "tareamaquina": 4, 
    "cronograma": 5, 
    "tarea": 4, 
    "tiempo_intervalo": "31.5", 
    "cantidad_tarea_real": "0"
  }
},
{
  "pk": 57, 
  "model": "planificacion.intervalocronograma", 
  "fields": {
    "fecha_desde": "2014-05-20T13:00:00Z", 
    "maquinacronograma": 53, 
    "tareaproducto": 11, 
    "fecha_hasta": "2014-05-20T14:51:00Z", 
    "maquina": 4, 
    "pedidocronograma": 6, 
    "item": 1, 
    "estado": 1, 
    "cantidad_tarea": "74", 
    "tareamaquina": 4, 
    "cronograma": 5, 
    "tarea": 4, 
    "tiempo_intervalo": "111", 
    "cantidad_tarea_real": "0"
  }
},
{
  "pk": 58, 
  "model": "planificacion.intervalocronograma", 
  "fields": {
    "fecha_desde": "2014-05-20T14:03:22Z", 
    "maquinacronograma": 54, 
    "tareaproducto": 5, 
    "fecha_hasta": "2014-05-20T14:50:52Z", 
    "maquina": 5, 
    "pedidocronograma": 6, 
    "item": 1, 
    "estado": 1, 
    "cantidad_tarea": "95", 
    "tareamaquina": 5, 
    "cronograma": 5, 
    "tarea": 5, 
    "tiempo_intervalo": "47.5", 
    "cantidad_tarea_real": "0"
  }
},
{
  "pk": 59, 
  "model": "planificacion.intervalocronograma", 
  "fields": {
    "fecha_desde": "2014-05-20T14:36:35Z", 
    "maquinacronograma": 58, 
    "tareaproducto": 10, 
    "fecha_hasta": "2014-05-20T14:50:50Z", 
    "maquina": 9, 
    "pedidocronograma": 6, 
    "item": 1, 
    "estado": 1, 
    "cantidad_tarea": "95", 
    "tareamaquina": 9, 
    "cronograma": 5, 
    "tarea": 9, 
    "tiempo_intervalo": "14.25", 
    "cantidad_tarea_real": "0"
  }
},
{
  "pk": 60, 
  "model": "planificacion.intervalocronograma", 
  "fields": {
    "fecha_desde": "2014-05-21T08:48:38Z", 
    "maquinacronograma": 59, 
    "tareaproducto": 12, 
    "fecha_hasta": "2014-05-21T10:23:38Z", 
    "maquina": 10, 
    "pedidocronograma": 6, 
    "item": 1, 
    "estado": 1, 
    "cantidad_tarea": "95", 
    "tareamaquina": 10, 
    "cronograma": 5, 
    "tarea": 10, 
    "tiempo_intervalo": "95", 
    "cantidad_tarea_real": "0"
  }
},
{
  "pk": 61, 
  "model": "planificacion.intervalocronograma", 
  "fields": {
    "fecha_desde": "2014-05-21T10:04:32Z", 
    "maquinacronograma": 60, 
    "tareaproducto": 13, 
    "fecha_hasta": "2014-05-21T10:23:32Z", 
    "maquina": 11, 
    "pedidocronograma": 6, 
    "item": 1, 
    "estado": 1, 
    "cantidad_tarea": "95", 
    "tareamaquina": 11, 
    "cronograma": 5, 
    "tarea": 11, 
    "tiempo_intervalo": "19", 
    "cantidad_tarea_real": "0"
  }
}
]
