[
{
    "pk": 1, 
    "model": "produccion.maquina", 
    "fields": {
        "descripcion": "6.1 - Cortadora Laminadora"
    }
},
{
    "pk": 2, 
    "model": "produccion.maquina", 
    "fields": {
        "descripcion": "6 - Moldeadora de Neum\u00e1ticos (MN1)"
    }
},
{
    "pk": 3, 
    "model": "produccion.maquina", 
    "fields": {
        "descripcion": "6 - Moldeadora de Neum\u00e1ticos (MN2)"
    }
},
{
    "pk": 4, 
    "model": "produccion.maquina", 
    "fields": {
        "descripcion": "5 - Prensa de Vulcanizado"
    }
},
{
    "pk": 5, 
    "model": "produccion.maquina", 
    "fields": {
        "descripcion": "4 - Soprte Para Inspecci\u00f3n"
    }
},
{
    "pk": 6, 
    "model": "produccion.maquina", 
    "fields": {
        "descripcion": "6.2.2 - Malaxador Banbury"
    }
},
{
    "pk": 7, 
    "model": "produccion.maquina", 
    "fields": {
        "descripcion": "6.2.1 - Extructora de Caucho"
    }
},
{
    "pk": 8, 
    "model": "produccion.maquina", 
    "fields": {
        "descripcion": "6.3.1 - Cortadora de Hilo Met\u00e1lico"
    }
},
{
    "pk": 9, 
    "model": "produccion.maquina", 
    "fields": {
        "descripcion": "3 - Balanza"
    }
},
{
    "pk": 10, 
    "model": "produccion.maquina", 
    "fields": {
        "descripcion": "2 - Variador de Fuerza"
    }
},
{
    "pk": 11, 
    "model": "produccion.maquina", 
    "fields": {
        "descripcion": "1 - Rayos X"
    }
},
{
    "pk": 12, 
    "model": "produccion.maquina", 
    "fields": {
        "descripcion": "6.3.2 - Calandria Laminadora de Hilo Met\u00e1lico"
    }
},
{
    "pk": 13, 
    "model": "produccion.maquina", 
    "fields": {
        "descripcion": "6.4.1 - Constructora de Talones"
    }
},
{
    "pk": 14, 
    "model": "produccion.maquina", 
    "fields": {
        "descripcion": "Cabina Pintura"
    }
},
{
    "pk": 15, 
    "model": "produccion.maquina", 
    "fields": {
        "descripcion": "Plotter"
    }
},
{
    "pk": 16, 
    "model": "produccion.maquina", 
    "fields": {
        "descripcion": "Soldadoras"
    }
},
{
    "pk": 17, 
    "model": "produccion.maquina", 
    "fields": {
        "descripcion": "Mano de obra"
    }
},
{
    "pk": 18, 
    "model": "produccion.maquina", 
    "fields": {
        "descripcion": "Termoformadora 1"
    }
},
{
    "pk": 19, 
    "model": "produccion.maquina", 
    "fields": {
        "descripcion": "Termoformadora 2"
    }
},
{
    "pk": 1, 
    "model": "produccion.tarea", 
    "fields": {
        "descripcion": "6.1.1 - Cortado de tejidos al bies", 
        "tiempo": "0.2"
    }
},
{
    "pk": 2, 
    "model": "produccion.tarea", 
    "fields": {
        "descripcion": "6.1.2 - Laminado de tejidos", 
        "tiempo": "0.4"
    }
},
{
    "pk": 3, 
    "model": "produccion.tarea", 
    "fields": {
        "descripcion": "6 - Moldeado de Neum\u00e1ticos", 
        "tiempo": "2"
    }
},
{
    "pk": 4, 
    "model": "produccion.tarea", 
    "fields": {
        "descripcion": "5 - Prensado del Neum\u00e1tico", 
        "tiempo": "1.5"
    }
},
{
    "pk": 5, 
    "model": "produccion.tarea", 
    "fields": {
        "descripcion": "4 - Inspecci\u00f3n Visual del Neum\u00e1tico", 
        "tiempo": "0.5"
    }
},
{
    "pk": 6, 
    "model": "produccion.tarea", 
    "fields": {
        "descripcion": "6.2.2 - Obtenci\u00f3n de caucho homogeneo", 
        "tiempo": "0.4"
    }
},
{
    "pk": 7, 
    "model": "produccion.tarea", 
    "fields": {
        "descripcion": "6.2.1 - Extrucci\u00f3n del Caucho", 
        "tiempo": "0.6"
    }
},
{
    "pk": 8, 
    "model": "produccion.tarea", 
    "fields": {
        "descripcion": "6.3.1 - Cortado de hilo met\u00e1lico", 
        "tiempo": "0.1"
    }
},
{
    "pk": 9, 
    "model": "produccion.tarea", 
    "fields": {
        "descripcion": "3 - Pesaje del Nem\u00e1tico", 
        "tiempo": "0.15"
    }
},
{
    "pk": 10, 
    "model": "produccion.tarea", 
    "fields": {
        "descripcion": "2 - Pruebas de Fuerza", 
        "tiempo": "2"
    }
},
{
    "pk": 11, 
    "model": "produccion.tarea", 
    "fields": {
        "descripcion": "1 - Verificaci\u00f3n del Estado del Neum\u00e1tico", 
        "tiempo": "0.2"
    }
},
{
    "pk": 12, 
    "model": "produccion.tarea", 
    "fields": {
        "descripcion": "6.3.2 - Laminado de Hilo Met\u00e1lico", 
        "tiempo": "0.4"
    }
},
{
    "pk": 13, 
    "model": "produccion.tarea", 
    "fields": {
        "descripcion": "6.4.1 - Construcci\u00f3n de Talones Para Neum\u00e1tico", 
        "tiempo": "2"
    }
},
{
    "pk": 14, 
    "model": "produccion.tarea", 
    "fields": {
        "descripcion": "Pintura", 
        "tiempo": "240"
    }
},
{
    "pk": 15, 
    "model": "produccion.tarea", 
    "fields": {
        "descripcion": "Grafica Lateral", 
        "tiempo": "90"
    }
},
{
    "pk": 16, 
    "model": "produccion.tarea", 
    "fields": {
        "descripcion": "Graficas cenefas", 
        "tiempo": "120"
    }
},
{
    "pk": 17, 
    "model": "produccion.tarea", 
    "fields": {
        "descripcion": "Soldado", 
        "tiempo": "180"
    }
},
{
    "pk": 18, 
    "model": "produccion.tarea", 
    "fields": {
        "descripcion": "Armado", 
        "tiempo": "180"
    }
},
{
    "pk": 19, 
    "model": "produccion.tarea", 
    "fields": {
        "descripcion": "Embalaje", 
        "tiempo": "90"
    }
},
{
    "pk": 20, 
    "model": "produccion.tarea", 
    "fields": {
        "descripcion": "Termoformado", 
        "tiempo": "30"
    }
},
{
    "pk": 1, 
    "model": "produccion.tareamaquina", 
    "fields": {
        "tarea": 1, 
        "maquina": 1
    }
},
{
    "pk": 2, 
    "model": "produccion.tareamaquina", 
    "fields": {
        "tarea": 2, 
        "maquina": 1
    }
},
{
    "pk": 3, 
    "model": "produccion.tareamaquina", 
    "fields": {
        "tarea": 3, 
        "maquina": 2
    }
},
{
    "pk": 4, 
    "model": "produccion.tareamaquina", 
    "fields": {
        "tarea": 4, 
        "maquina": 4
    }
},
{
    "pk": 5, 
    "model": "produccion.tareamaquina", 
    "fields": {
        "tarea": 5, 
        "maquina": 5
    }
},
{
    "pk": 6, 
    "model": "produccion.tareamaquina", 
    "fields": {
        "tarea": 6, 
        "maquina": 6
    }
},
{
    "pk": 7, 
    "model": "produccion.tareamaquina", 
    "fields": {
        "tarea": 7, 
        "maquina": 7
    }
},
{
    "pk": 8, 
    "model": "produccion.tareamaquina", 
    "fields": {
        "tarea": 8, 
        "maquina": 8
    }
},
{
    "pk": 9, 
    "model": "produccion.tareamaquina", 
    "fields": {
        "tarea": 9, 
        "maquina": 9
    }
},
{
    "pk": 10, 
    "model": "produccion.tareamaquina", 
    "fields": {
        "tarea": 10, 
        "maquina": 10
    }
},
{
    "pk": 11, 
    "model": "produccion.tareamaquina", 
    "fields": {
        "tarea": 11, 
        "maquina": 11
    }
},
{
    "pk": 12, 
    "model": "produccion.tareamaquina", 
    "fields": {
        "tarea": 12, 
        "maquina": 12
    }
},
{
    "pk": 13, 
    "model": "produccion.tareamaquina", 
    "fields": {
        "tarea": 13, 
        "maquina": 13
    }
},
{
    "pk": 14, 
    "model": "produccion.tareamaquina", 
    "fields": {
        "tarea": 3, 
        "maquina": 3
    }
},
{
    "pk": 15, 
    "model": "produccion.tareamaquina", 
    "fields": {
        "tarea": 14, 
        "maquina": 14
    }
},
{
    "pk": 16, 
    "model": "produccion.tareamaquina", 
    "fields": {
        "tarea": 15, 
        "maquina": 15
    }
},
{
    "pk": 17, 
    "model": "produccion.tareamaquina", 
    "fields": {
        "tarea": 16, 
        "maquina": 15
    }
},
{
    "pk": 18, 
    "model": "produccion.tareamaquina", 
    "fields": {
        "tarea": 17, 
        "maquina": 16
    }
},
{
    "pk": 19, 
    "model": "produccion.tareamaquina", 
    "fields": {
        "tarea": 18, 
        "maquina": 17
    }
},
{
    "pk": 20, 
    "model": "produccion.tareamaquina", 
    "fields": {
        "tarea": 19, 
        "maquina": 17
    }
},
{
    "pk": 21, 
    "model": "produccion.tareamaquina", 
    "fields": {
        "tarea": 20, 
        "maquina": 18
    }
},
{
    "pk": 22, 
    "model": "produccion.tareamaquina", 
    "fields": {
        "tarea": 20, 
        "maquina": 19
    }
},
{
    "pk": 1, 
    "model": "produccion.producto", 
    "fields": {
        "descripcion": "Neum\u00e1tico de Auto"
    }
},
{
    "pk": 2, 
    "model": "produccion.producto", 
    "fields": {
        "descripcion": "Neum\u00e1tico de moto"
    }
},
{
    "pk": 3, 
    "model": "produccion.producto", 
    "fields": {
        "descripcion": "Heineken"
    }
},
{
    "pk": 4, 
    "model": "produccion.producto", 
    "fields": {
        "descripcion": "Loreal"
    }
},
{
    "pk": 1, 
    "model": "produccion.tareaproducto", 
    "fields": {
        "producto": 1, 
        "tarea": 13
    }
},
{
    "pk": 2, 
    "model": "produccion.tareaproducto", 
    "fields": {
        "producto": 1, 
        "tarea": 8
    }
},
{
    "pk": 3, 
    "model": "produccion.tareaproducto", 
    "fields": {
        "producto": 1, 
        "tarea": 1
    }
},
{
    "pk": 4, 
    "model": "produccion.tareaproducto", 
    "fields": {
        "producto": 1, 
        "tarea": 7
    }
},
{
    "pk": 5, 
    "model": "produccion.tareaproducto", 
    "fields": {
        "producto": 1, 
        "tarea": 5
    }
},
{
    "pk": 6, 
    "model": "produccion.tareaproducto", 
    "fields": {
        "producto": 1, 
        "tarea": 12
    }
},
{
    "pk": 7, 
    "model": "produccion.tareaproducto", 
    "fields": {
        "producto": 1, 
        "tarea": 2
    }
},
{
    "pk": 8, 
    "model": "produccion.tareaproducto", 
    "fields": {
        "producto": 1, 
        "tarea": 3
    }
},
{
    "pk": 9, 
    "model": "produccion.tareaproducto", 
    "fields": {
        "producto": 1, 
        "tarea": 6
    }
},
{
    "pk": 10, 
    "model": "produccion.tareaproducto", 
    "fields": {
        "producto": 1, 
        "tarea": 9
    }
},
{
    "pk": 11, 
    "model": "produccion.tareaproducto", 
    "fields": {
        "producto": 1, 
        "tarea": 4
    }
},
{
    "pk": 12, 
    "model": "produccion.tareaproducto", 
    "fields": {
        "producto": 1, 
        "tarea": 10
    }
},
{
    "pk": 13, 
    "model": "produccion.tareaproducto", 
    "fields": {
        "producto": 1, 
        "tarea": 11
    }
},
{
    "pk": 14, 
    "model": "produccion.tareaproducto", 
    "fields": {
        "producto": 2, 
        "tarea": 11
    }
},
{
    "pk": 15, 
    "model": "produccion.tareaproducto", 
    "fields": {
        "producto": 2, 
        "tarea": 10
    }
},
{
    "pk": 16, 
    "model": "produccion.tareaproducto", 
    "fields": {
        "producto": 2, 
        "tarea": 9
    }
},
{
    "pk": 17, 
    "model": "produccion.tareaproducto", 
    "fields": {
        "producto": 2, 
        "tarea": 5
    }
},
{
    "pk": 18, 
    "model": "produccion.tareaproducto", 
    "fields": {
        "producto": 2, 
        "tarea": 4
    }
},
{
    "pk": 19, 
    "model": "produccion.tareaproducto", 
    "fields": {
        "producto": 2, 
        "tarea": 3
    }
},
{
    "pk": 20, 
    "model": "produccion.tareaproducto", 
    "fields": {
        "producto": 2, 
        "tarea": 1
    }
},
{
    "pk": 21, 
    "model": "produccion.tareaproducto", 
    "fields": {
        "producto": 2, 
        "tarea": 2
    }
},
{
    "pk": 22, 
    "model": "produccion.tareaproducto", 
    "fields": {
        "producto": 2, 
        "tarea": 7
    }
},
{
    "pk": 23, 
    "model": "produccion.tareaproducto", 
    "fields": {
        "producto": 2, 
        "tarea": 6
    }
},
{
    "pk": 30, 
    "model": "produccion.tareaproducto", 
    "fields": {
        "producto": 4, 
        "tarea": 20
    }
},
{
    "pk": 31, 
    "model": "produccion.tareaproducto", 
    "fields": {
        "producto": 4, 
        "tarea": 16
    }
},
{
    "pk": 32, 
    "model": "produccion.tareaproducto", 
    "fields": {
        "producto": 4, 
        "tarea": 14
    }
},
{
    "pk": 33, 
    "model": "produccion.tareaproducto", 
    "fields": {
        "producto": 4, 
        "tarea": 18
    }
},
{
    "pk": 34, 
    "model": "produccion.tareaproducto", 
    "fields": {
        "producto": 4, 
        "tarea": 19
    }
},
{
    "pk": 35, 
    "model": "produccion.tareaproducto", 
    "fields": {
        "producto": 3, 
        "tarea": 18
    }
},
{
    "pk": 36, 
    "model": "produccion.tareaproducto", 
    "fields": {
        "producto": 3, 
        "tarea": 19
    }
},
{
    "pk": 37, 
    "model": "produccion.tareaproducto", 
    "fields": {
        "producto": 3, 
        "tarea": 15
    }
},
{
    "pk": 38, 
    "model": "produccion.tareaproducto", 
    "fields": {
        "producto": 3, 
        "tarea": 16
    }
},
{
    "pk": 39, 
    "model": "produccion.tareaproducto", 
    "fields": {
        "producto": 3, 
        "tarea": 14
    }
},
{
    "pk": 40, 
    "model": "produccion.tareaproducto", 
    "fields": {
        "producto": 3, 
        "tarea": 17
    }
},
{
    "pk": 1, 
    "model": "produccion.tiemporealizaciontarea", 
    "fields": {
        "tiempo": "1", 
        "producto": 1, 
        "maquina": 13, 
        "tareaproducto": 1, 
        "tareamaquina": 13, 
        "tarea": 13, 
        "activa": true
    }
},
{
    "pk": 2, 
    "model": "produccion.tiemporealizaciontarea", 
    "fields": {
        "tiempo": "0.1", 
        "producto": 1, 
        "maquina": 8, 
        "tareaproducto": 2, 
        "tareamaquina": 8, 
        "tarea": 8, 
        "activa": true
    }
},
{
    "pk": 3, 
    "model": "produccion.tiemporealizaciontarea", 
    "fields": {
        "tiempo": "0.2", 
        "producto": 1, 
        "maquina": 1, 
        "tareaproducto": 3, 
        "tareamaquina": 1, 
        "tarea": 1, 
        "activa": true
    }
},
{
    "pk": 4, 
    "model": "produccion.tiemporealizaciontarea", 
    "fields": {
        "tiempo": "0.6", 
        "producto": 1, 
        "maquina": 7, 
        "tareaproducto": 4, 
        "tareamaquina": 7, 
        "tarea": 7, 
        "activa": true
    }
},
{
    "pk": 5, 
    "model": "produccion.tiemporealizaciontarea", 
    "fields": {
        "tiempo": "0.5", 
        "producto": 1, 
        "maquina": 5, 
        "tareaproducto": 5, 
        "tareamaquina": 5, 
        "tarea": 5, 
        "activa": true
    }
},
{
    "pk": 6, 
    "model": "produccion.tiemporealizaciontarea", 
    "fields": {
        "tiempo": "0.4", 
        "producto": 1, 
        "maquina": 12, 
        "tareaproducto": 6, 
        "tareamaquina": 12, 
        "tarea": 12, 
        "activa": true
    }
},
{
    "pk": 7, 
    "model": "produccion.tiemporealizaciontarea", 
    "fields": {
        "tiempo": "0.4", 
        "producto": 1, 
        "maquina": 1, 
        "tareaproducto": 7, 
        "tareamaquina": 2, 
        "tarea": 2, 
        "activa": true
    }
},
{
    "pk": 8, 
    "model": "produccion.tiemporealizaciontarea", 
    "fields": {
        "tiempo": "2", 
        "producto": 1, 
        "maquina": 2, 
        "tareaproducto": 8, 
        "tareamaquina": 3, 
        "tarea": 3, 
        "activa": true
    }
},
{
    "pk": 9, 
    "model": "produccion.tiemporealizaciontarea", 
    "fields": {
        "tiempo": "0.4", 
        "producto": 1, 
        "maquina": 6, 
        "tareaproducto": 9, 
        "tareamaquina": 6, 
        "tarea": 6, 
        "activa": true
    }
},
{
    "pk": 10, 
    "model": "produccion.tiemporealizaciontarea", 
    "fields": {
        "tiempo": "0.15", 
        "producto": 1, 
        "maquina": 9, 
        "tareaproducto": 10, 
        "tareamaquina": 9, 
        "tarea": 9, 
        "activa": true
    }
},
{
    "pk": 11, 
    "model": "produccion.tiemporealizaciontarea", 
    "fields": {
        "tiempo": "1.5", 
        "producto": 1, 
        "maquina": 4, 
        "tareaproducto": 11, 
        "tareamaquina": 4, 
        "tarea": 4, 
        "activa": true
    }
},
{
    "pk": 12, 
    "model": "produccion.tiemporealizaciontarea", 
    "fields": {
        "tiempo": "1", 
        "producto": 1, 
        "maquina": 10, 
        "tareaproducto": 12, 
        "tareamaquina": 10, 
        "tarea": 10, 
        "activa": true
    }
},
{
    "pk": 13, 
    "model": "produccion.tiemporealizaciontarea", 
    "fields": {
        "tiempo": "0.2", 
        "producto": 1, 
        "maquina": 11, 
        "tareaproducto": 13, 
        "tareamaquina": 11, 
        "tarea": 11, 
        "activa": true
    }
},
{
    "pk": 14, 
    "model": "produccion.tiemporealizaciontarea", 
    "fields": {
        "tiempo": "2", 
        "producto": 1, 
        "maquina": 3, 
        "tareaproducto": 8, 
        "tareamaquina": 14, 
        "tarea": 3, 
        "activa": true
    }
},
{
    "pk": 15, 
    "model": "produccion.tiemporealizaciontarea", 
    "fields": {
        "tiempo": "0.2", 
        "producto": 2, 
        "maquina": 11, 
        "tareaproducto": 14, 
        "tareamaquina": 11, 
        "tarea": 11, 
        "activa": true
    }
},
{
    "pk": 16, 
    "model": "produccion.tiemporealizaciontarea", 
    "fields": {
        "tiempo": "2", 
        "producto": 2, 
        "maquina": 10, 
        "tareaproducto": 15, 
        "tareamaquina": 10, 
        "tarea": 10, 
        "activa": true
    }
},
{
    "pk": 17, 
    "model": "produccion.tiemporealizaciontarea", 
    "fields": {
        "tiempo": "0.15", 
        "producto": 2, 
        "maquina": 9, 
        "tareaproducto": 16, 
        "tareamaquina": 9, 
        "tarea": 9, 
        "activa": true
    }
},
{
    "pk": 18, 
    "model": "produccion.tiemporealizaciontarea", 
    "fields": {
        "tiempo": "0.5", 
        "producto": 2, 
        "maquina": 5, 
        "tareaproducto": 17, 
        "tareamaquina": 5, 
        "tarea": 5, 
        "activa": true
    }
},
{
    "pk": 19, 
    "model": "produccion.tiemporealizaciontarea", 
    "fields": {
        "tiempo": "1.5", 
        "producto": 2, 
        "maquina": 4, 
        "tareaproducto": 18, 
        "tareamaquina": 4, 
        "tarea": 4, 
        "activa": true
    }
},
{
    "pk": 20, 
    "model": "produccion.tiemporealizaciontarea", 
    "fields": {
        "tiempo": "2", 
        "producto": 2, 
        "maquina": 2, 
        "tareaproducto": 19, 
        "tareamaquina": 3, 
        "tarea": 3, 
        "activa": true
    }
},
{
    "pk": 21, 
    "model": "produccion.tiemporealizaciontarea", 
    "fields": {
        "tiempo": "2", 
        "producto": 2, 
        "maquina": 3, 
        "tareaproducto": 19, 
        "tareamaquina": 14, 
        "tarea": 3, 
        "activa": true
    }
},
{
    "pk": 22, 
    "model": "produccion.tiemporealizaciontarea", 
    "fields": {
        "tiempo": "0.2", 
        "producto": 2, 
        "maquina": 1, 
        "tareaproducto": 20, 
        "tareamaquina": 1, 
        "tarea": 1, 
        "activa": true
    }
},
{
    "pk": 23, 
    "model": "produccion.tiemporealizaciontarea", 
    "fields": {
        "tiempo": "0.4", 
        "producto": 2, 
        "maquina": 1, 
        "tareaproducto": 21, 
        "tareamaquina": 2, 
        "tarea": 2, 
        "activa": true
    }
},
{
    "pk": 24, 
    "model": "produccion.tiemporealizaciontarea", 
    "fields": {
        "tiempo": "0.6", 
        "producto": 2, 
        "maquina": 7, 
        "tareaproducto": 22, 
        "tareamaquina": 7, 
        "tarea": 7, 
        "activa": true
    }
},
{
    "pk": 25, 
    "model": "produccion.tiemporealizaciontarea", 
    "fields": {
        "tiempo": "0.4", 
        "producto": 2, 
        "maquina": 6, 
        "tareaproducto": 23, 
        "tareamaquina": 6, 
        "tarea": 6, 
        "activa": true
    }
},
{
    "pk": 32, 
    "model": "produccion.tiemporealizaciontarea", 
    "fields": {
        "tiempo": "120", 
        "producto": 4, 
        "maquina": 18, 
        "tareaproducto": 30, 
        "tareamaquina": 21, 
        "tarea": 20, 
        "activa": true
    }
},
{
    "pk": 33, 
    "model": "produccion.tiemporealizaciontarea", 
    "fields": {
        "tiempo": "90", 
        "producto": 4, 
        "maquina": 15, 
        "tareaproducto": 31, 
        "tareamaquina": 17, 
        "tarea": 16, 
        "activa": true
    }
},
{
    "pk": 34, 
    "model": "produccion.tiemporealizaciontarea", 
    "fields": {
        "tiempo": "240", 
        "producto": 4, 
        "maquina": 14, 
        "tareaproducto": 32, 
        "tareamaquina": 15, 
        "tarea": 14, 
        "activa": true
    }
},
{
    "pk": 35, 
    "model": "produccion.tiemporealizaciontarea", 
    "fields": {
        "tiempo": "180", 
        "producto": 4, 
        "maquina": 17, 
        "tareaproducto": 33, 
        "tareamaquina": 19, 
        "tarea": 18, 
        "activa": true
    }
},
{
    "pk": 36, 
    "model": "produccion.tiemporealizaciontarea", 
    "fields": {
        "tiempo": "90", 
        "producto": 4, 
        "maquina": 17, 
        "tareaproducto": 34, 
        "tareamaquina": 20, 
        "tarea": 19, 
        "activa": true
    }
},
{
    "pk": 37, 
    "model": "produccion.tiemporealizaciontarea", 
    "fields": {
        "tiempo": "180", 
        "producto": 4, 
        "maquina": 19, 
        "tareaproducto": 30, 
        "tareamaquina": 22, 
        "tarea": 20, 
        "activa": true
    }
},
{
    "pk": 38, 
    "model": "produccion.tiemporealizaciontarea", 
    "fields": {
        "tiempo": "180", 
        "producto": 3, 
        "maquina": 17, 
        "tareaproducto": 35, 
        "tareamaquina": 19, 
        "tarea": 18, 
        "activa": true
    }
},
{
    "pk": 39, 
    "model": "produccion.tiemporealizaciontarea", 
    "fields": {
        "tiempo": "90", 
        "producto": 3, 
        "maquina": 17, 
        "tareaproducto": 36, 
        "tareamaquina": 20, 
        "tarea": 19, 
        "activa": true
    }
},
{
    "pk": 40, 
    "model": "produccion.tiemporealizaciontarea", 
    "fields": {
        "tiempo": "90", 
        "producto": 3, 
        "maquina": 15, 
        "tareaproducto": 37, 
        "tareamaquina": 16, 
        "tarea": 15, 
        "activa": true
    }
},
{
    "pk": 41, 
    "model": "produccion.tiemporealizaciontarea", 
    "fields": {
        "tiempo": "120", 
        "producto": 3, 
        "maquina": 15, 
        "tareaproducto": 38, 
        "tareamaquina": 17, 
        "tarea": 16, 
        "activa": true
    }
},
{
    "pk": 42, 
    "model": "produccion.tiemporealizaciontarea", 
    "fields": {
        "tiempo": "240", 
        "producto": 3, 
        "maquina": 14, 
        "tareaproducto": 39, 
        "tareamaquina": 15, 
        "tarea": 14, 
        "activa": true
    }
},
{
    "pk": 43, 
    "model": "produccion.tiemporealizaciontarea", 
    "fields": {
        "tiempo": "180", 
        "producto": 3, 
        "maquina": 16, 
        "tareaproducto": 40, 
        "tareamaquina": 18, 
        "tarea": 17, 
        "activa": true
    }
},
{
    "pk": 1, 
    "model": "produccion.dependenciatareaproducto", 
    "fields": {
        "producto": 1, 
        "tarea_anteriorproducto": 12, 
        "tarea": 11, 
        "tarea_anterior": 10, 
        "tareaproducto": 13
    }
},
{
    "pk": 2, 
    "model": "produccion.dependenciatareaproducto", 
    "fields": {
        "producto": 1, 
        "tarea_anteriorproducto": 10, 
        "tarea": 10, 
        "tarea_anterior": 9, 
        "tareaproducto": 12
    }
},
{
    "pk": 4, 
    "model": "produccion.dependenciatareaproducto", 
    "fields": {
        "producto": 1, 
        "tarea_anteriorproducto": 11, 
        "tarea": 5, 
        "tarea_anterior": 4, 
        "tareaproducto": 5
    }
},
{
    "pk": 5, 
    "model": "produccion.dependenciatareaproducto", 
    "fields": {
        "producto": 1, 
        "tarea_anteriorproducto": 8, 
        "tarea": 4, 
        "tarea_anterior": 3, 
        "tareaproducto": 11
    }
},
{
    "pk": 6, 
    "model": "produccion.dependenciatareaproducto", 
    "fields": {
        "producto": 1, 
        "tarea_anteriorproducto": 5, 
        "tarea": 9, 
        "tarea_anterior": 5, 
        "tareaproducto": 10
    }
},
{
    "pk": 7, 
    "model": "produccion.dependenciatareaproducto", 
    "fields": {
        "producto": 1, 
        "tarea_anteriorproducto": 3, 
        "tarea": 3, 
        "tarea_anterior": 1, 
        "tareaproducto": 8
    }
},
{
    "pk": 8, 
    "model": "produccion.dependenciatareaproducto", 
    "fields": {
        "producto": 1, 
        "tarea_anteriorproducto": 4, 
        "tarea": 3, 
        "tarea_anterior": 7, 
        "tareaproducto": 8
    }
},
{
    "pk": 9, 
    "model": "produccion.dependenciatareaproducto", 
    "fields": {
        "producto": 1, 
        "tarea_anteriorproducto": 2, 
        "tarea": 3, 
        "tarea_anterior": 8, 
        "tareaproducto": 8
    }
},
{
    "pk": 10, 
    "model": "produccion.dependenciatareaproducto", 
    "fields": {
        "producto": 1, 
        "tarea_anteriorproducto": 1, 
        "tarea": 3, 
        "tarea_anterior": 13, 
        "tareaproducto": 8
    }
},
{
    "pk": 11, 
    "model": "produccion.dependenciatareaproducto", 
    "fields": {
        "producto": 1, 
        "tarea_anteriorproducto": 7, 
        "tarea": 1, 
        "tarea_anterior": 2, 
        "tareaproducto": 3
    }
},
{
    "pk": 12, 
    "model": "produccion.dependenciatareaproducto", 
    "fields": {
        "producto": 1, 
        "tarea_anteriorproducto": 9, 
        "tarea": 7, 
        "tarea_anterior": 6, 
        "tareaproducto": 4
    }
},
{
    "pk": 13, 
    "model": "produccion.dependenciatareaproducto", 
    "fields": {
        "producto": 1, 
        "tarea_anteriorproducto": 6, 
        "tarea": 8, 
        "tarea_anterior": 12, 
        "tareaproducto": 2
    }
},
{
    "pk": 14, 
    "model": "produccion.dependenciatareaproducto", 
    "fields": {
        "producto": 2, 
        "tarea_anteriorproducto": 15, 
        "tarea": 11, 
        "tarea_anterior": 10, 
        "tareaproducto": 14
    }
},
{
    "pk": 15, 
    "model": "produccion.dependenciatareaproducto", 
    "fields": {
        "producto": 2, 
        "tarea_anteriorproducto": 16, 
        "tarea": 10, 
        "tarea_anterior": 9, 
        "tareaproducto": 15
    }
},
{
    "pk": 16, 
    "model": "produccion.dependenciatareaproducto", 
    "fields": {
        "producto": 2, 
        "tarea_anteriorproducto": 17, 
        "tarea": 9, 
        "tarea_anterior": 5, 
        "tareaproducto": 16
    }
},
{
    "pk": 17, 
    "model": "produccion.dependenciatareaproducto", 
    "fields": {
        "producto": 2, 
        "tarea_anteriorproducto": 18, 
        "tarea": 5, 
        "tarea_anterior": 4, 
        "tareaproducto": 17
    }
},
{
    "pk": 18, 
    "model": "produccion.dependenciatareaproducto", 
    "fields": {
        "producto": 2, 
        "tarea_anteriorproducto": 19, 
        "tarea": 4, 
        "tarea_anterior": 3, 
        "tareaproducto": 18
    }
},
{
    "pk": 19, 
    "model": "produccion.dependenciatareaproducto", 
    "fields": {
        "producto": 2, 
        "tarea_anteriorproducto": 20, 
        "tarea": 3, 
        "tarea_anterior": 1, 
        "tareaproducto": 19
    }
},
{
    "pk": 20, 
    "model": "produccion.dependenciatareaproducto", 
    "fields": {
        "producto": 2, 
        "tarea_anteriorproducto": 22, 
        "tarea": 3, 
        "tarea_anterior": 7, 
        "tareaproducto": 19
    }
},
{
    "pk": 21, 
    "model": "produccion.dependenciatareaproducto", 
    "fields": {
        "producto": 2, 
        "tarea_anteriorproducto": 21, 
        "tarea": 1, 
        "tarea_anterior": 2, 
        "tareaproducto": 20
    }
},
{
    "pk": 22, 
    "model": "produccion.dependenciatareaproducto", 
    "fields": {
        "producto": 2, 
        "tarea_anteriorproducto": 23, 
        "tarea": 7, 
        "tarea_anterior": 6, 
        "tareaproducto": 22
    }
},
{
    "pk": 30, 
    "model": "produccion.dependenciatareaproducto", 
    "fields": {
        "producto": 4, 
        "tarea_anteriorproducto": 33, 
        "tarea": 19, 
        "tarea_anterior": 18, 
        "tareaproducto": 34
    }
},
{
    "pk": 31, 
    "model": "produccion.dependenciatareaproducto", 
    "fields": {
        "producto": 4, 
        "tarea_anteriorproducto": 31, 
        "tarea": 18, 
        "tarea_anterior": 16, 
        "tareaproducto": 33
    }
},
{
    "pk": 32, 
    "model": "produccion.dependenciatareaproducto", 
    "fields": {
        "producto": 4, 
        "tarea_anteriorproducto": 32, 
        "tarea": 18, 
        "tarea_anterior": 14, 
        "tareaproducto": 33
    }
},
{
    "pk": 33, 
    "model": "produccion.dependenciatareaproducto", 
    "fields": {
        "producto": 4, 
        "tarea_anteriorproducto": 30, 
        "tarea": 16, 
        "tarea_anterior": 20, 
        "tareaproducto": 31
    }
},
{
    "pk": 34, 
    "model": "produccion.dependenciatareaproducto", 
    "fields": {
        "producto": 4, 
        "tarea_anteriorproducto": 30, 
        "tarea": 14, 
        "tarea_anterior": 20, 
        "tareaproducto": 32
    }
},
{
    "pk": 1, 
    "model": "produccion.pedido", 
    "fields": {
        "descripcion": "Neum\u00e1ticos de auto x 20 (5x1)"
    }
},
{
    "pk": 2, 
    "model": "produccion.pedido", 
    "fields": {
        "descripcion": "Neum\u00e1ticos moto"
    }
},
{
    "pk": 3, 
    "model": "produccion.pedido", 
    "fields": {
        "descripcion": "Mezcla"
    }
},
{
    "pk": 4, 
    "model": "produccion.pedido", 
    "fields": {
        "descripcion": "Heineken para botella de litro"
    }
},
{
    "pk": 5, 
    "model": "produccion.pedido", 
    "fields": {
        "descripcion": "Loreal"
    }
},
{
    "pk": 1, 
    "model": "produccion.itempedido", 
    "fields": {
        "producto": 1, 
        "pedido": 1, 
        "cantidad": "100"
    }
},
{
    "pk": 3, 
    "model": "produccion.itempedido", 
    "fields": {
        "producto": 2, 
        "pedido": 2, 
        "cantidad": "200"
    }
},
{
    "pk": 4, 
    "model": "produccion.itempedido", 
    "fields": {
        "producto": 1, 
        "pedido": 3, 
        "cantidad": "300"
    }
},
{
    "pk": 5, 
    "model": "produccion.itempedido", 
    "fields": {
        "producto": 2, 
        "pedido": 3, 
        "cantidad": "30"
    }
},
{
    "pk": 6, 
    "model": "produccion.itempedido", 
    "fields": {
        "producto": 3, 
        "pedido": 4, 
        "cantidad": "30"
    }
},
{
    "pk": 7, 
    "model": "produccion.itempedido", 
    "fields": {
        "producto": 4, 
        "pedido": 5, 
        "cantidad": "200"
    }
},
{
    "pk": 2, 
    "model": "planificacion.cronograma", 
    "fields": {
        "fecha_inicio": "2014-05-18T00:00:00Z", 
        "optimizar_planificacion": true, 
        "descripcion": "Cronograma con pedido de neum\u00e1ticos de motos y de autos", 
        "estrategia": 2, 
        "estado": 3, 
        "tiempo_minimo_intervalo": "60"
    }
},
{
    "pk": 3, 
    "model": "planificacion.cronograma", 
    "fields": {
        "fecha_inicio": "2014-05-18T00:00:00Z", 
        "optimizar_planificacion": true, 
        "descripcion": "Solo neum\u00e1ticos de moto", 
        "estrategia": 2, 
        "estado": 0, 
        "tiempo_minimo_intervalo": "60"
    }
},
{
    "pk": 4, 
    "model": "planificacion.cronograma", 
    "fields": {
        "fecha_inicio": "2014-05-18T00:00:00Z", 
        "optimizar_planificacion": true, 
        "descripcion": "Solo neum\u00e1ticos de auto", 
        "estrategia": 2, 
        "estado": 3, 
        "tiempo_minimo_intervalo": "30"
    }
},
{
    "pk": 5, 
    "model": "planificacion.cronograma", 
    "fields": {
        "fecha_inicio": "2014-05-18T00:00:00Z", 
        "optimizar_planificacion": true, 
        "descripcion": "Solo neum\u00e1ticos de auto 2", 
        "estrategia": 2, 
        "estado": 2, 
        "tiempo_minimo_intervalo": "30"
    }
},
{
    "pk": 6, 
    "model": "planificacion.cronograma", 
    "fields": {
        "fecha_inicio": "2014-05-18T00:00:00Z", 
        "optimizar_planificacion": true, 
        "descripcion": "Planifico intervalos cancelados", 
        "estrategia": 2, 
        "estado": 0, 
        "tiempo_minimo_intervalo": "30"
    }
},
{
    "pk": 7, 
    "model": "planificacion.cronograma", 
    "fields": {
        "fecha_inicio": "2014-07-04T00:00:00Z", 
        "optimizar_planificacion": true, 
        "descripcion": "Mezcla inicial", 
        "estrategia": 2, 
        "estado": 2, 
        "tiempo_minimo_intervalo": "60"
    }
},
{
    "pk": 8, 
    "model": "planificacion.cronograma", 
    "fields": {
        "fecha_inicio": "2014-08-04T08:00:00Z", 
        "optimizar_planificacion": true, 
        "descripcion": "Heineken", 
        "estrategia": 2, 
        "estado": 1, 
        "tiempo_minimo_intervalo": "60"
    }
},
{
    "pk": 9, 
    "model": "planificacion.cronograma", 
    "fields": {
        "fecha_inicio": "2014-08-28T08:00:00Z", 
        "optimizar_planificacion": true, 
        "descripcion": "Loreal", 
        "estrategia": 2, 
        "estado": 0, 
        "tiempo_minimo_intervalo": "60"
    }
},
{
    "pk": 2, 
    "model": "planificacion.pedidocronograma", 
    "fields": {
        "cronograma": 2, 
        "pedido": 2
    }
},
{
    "pk": 3, 
    "model": "planificacion.pedidocronograma", 
    "fields": {
        "cronograma": 2, 
        "pedido": 1
    }
},
{
    "pk": 4, 
    "model": "planificacion.pedidocronograma", 
    "fields": {
        "cronograma": 3, 
        "pedido": 2
    }
},
{
    "pk": 5, 
    "model": "planificacion.pedidocronograma", 
    "fields": {
        "cronograma": 4, 
        "pedido": 1
    }
},
{
    "pk": 6, 
    "model": "planificacion.pedidocronograma", 
    "fields": {
        "cronograma": 5, 
        "pedido": 1
    }
},
{
    "pk": 7, 
    "model": "planificacion.pedidocronograma", 
    "fields": {
        "cronograma": 6, 
        "pedido": 1
    }
},
{
    "pk": 8, 
    "model": "planificacion.pedidocronograma", 
    "fields": {
        "cronograma": 7, 
        "pedido": 3
    }
},
{
    "pk": 9, 
    "model": "planificacion.pedidocronograma", 
    "fields": {
        "cronograma": 8, 
        "pedido": 4
    }
},
{
    "pk": 10, 
    "model": "planificacion.pedidocronograma", 
    "fields": {
        "cronograma": 9, 
        "pedido": 5
    }
},
{
    "pk": 14, 
    "model": "planificacion.maquinacronograma", 
    "fields": {
        "cronograma": 2, 
        "maquina": 1
    }
},
{
    "pk": 15, 
    "model": "planificacion.maquinacronograma", 
    "fields": {
        "cronograma": 2, 
        "maquina": 2
    }
},
{
    "pk": 16, 
    "model": "planificacion.maquinacronograma", 
    "fields": {
        "cronograma": 2, 
        "maquina": 3
    }
},
{
    "pk": 17, 
    "model": "planificacion.maquinacronograma", 
    "fields": {
        "cronograma": 2, 
        "maquina": 4
    }
},
{
    "pk": 18, 
    "model": "planificacion.maquinacronograma", 
    "fields": {
        "cronograma": 2, 
        "maquina": 5
    }
},
{
    "pk": 19, 
    "model": "planificacion.maquinacronograma", 
    "fields": {
        "cronograma": 2, 
        "maquina": 6
    }
},
{
    "pk": 20, 
    "model": "planificacion.maquinacronograma", 
    "fields": {
        "cronograma": 2, 
        "maquina": 7
    }
},
{
    "pk": 21, 
    "model": "planificacion.maquinacronograma", 
    "fields": {
        "cronograma": 2, 
        "maquina": 9
    }
},
{
    "pk": 22, 
    "model": "planificacion.maquinacronograma", 
    "fields": {
        "cronograma": 2, 
        "maquina": 10
    }
},
{
    "pk": 23, 
    "model": "planificacion.maquinacronograma", 
    "fields": {
        "cronograma": 2, 
        "maquina": 11
    }
},
{
    "pk": 24, 
    "model": "planificacion.maquinacronograma", 
    "fields": {
        "cronograma": 2, 
        "maquina": 8
    }
},
{
    "pk": 25, 
    "model": "planificacion.maquinacronograma", 
    "fields": {
        "cronograma": 2, 
        "maquina": 12
    }
},
{
    "pk": 26, 
    "model": "planificacion.maquinacronograma", 
    "fields": {
        "cronograma": 2, 
        "maquina": 13
    }
},
{
    "pk": 27, 
    "model": "planificacion.maquinacronograma", 
    "fields": {
        "cronograma": 3, 
        "maquina": 1
    }
},
{
    "pk": 28, 
    "model": "planificacion.maquinacronograma", 
    "fields": {
        "cronograma": 3, 
        "maquina": 2
    }
},
{
    "pk": 29, 
    "model": "planificacion.maquinacronograma", 
    "fields": {
        "cronograma": 3, 
        "maquina": 3
    }
},
{
    "pk": 30, 
    "model": "planificacion.maquinacronograma", 
    "fields": {
        "cronograma": 3, 
        "maquina": 4
    }
},
{
    "pk": 31, 
    "model": "planificacion.maquinacronograma", 
    "fields": {
        "cronograma": 3, 
        "maquina": 5
    }
},
{
    "pk": 32, 
    "model": "planificacion.maquinacronograma", 
    "fields": {
        "cronograma": 3, 
        "maquina": 6
    }
},
{
    "pk": 33, 
    "model": "planificacion.maquinacronograma", 
    "fields": {
        "cronograma": 3, 
        "maquina": 7
    }
},
{
    "pk": 34, 
    "model": "planificacion.maquinacronograma", 
    "fields": {
        "cronograma": 3, 
        "maquina": 9
    }
},
{
    "pk": 35, 
    "model": "planificacion.maquinacronograma", 
    "fields": {
        "cronograma": 3, 
        "maquina": 10
    }
},
{
    "pk": 36, 
    "model": "planificacion.maquinacronograma", 
    "fields": {
        "cronograma": 3, 
        "maquina": 11
    }
},
{
    "pk": 37, 
    "model": "planificacion.maquinacronograma", 
    "fields": {
        "cronograma": 4, 
        "maquina": 1
    }
},
{
    "pk": 38, 
    "model": "planificacion.maquinacronograma", 
    "fields": {
        "cronograma": 4, 
        "maquina": 2
    }
},
{
    "pk": 39, 
    "model": "planificacion.maquinacronograma", 
    "fields": {
        "cronograma": 4, 
        "maquina": 3
    }
},
{
    "pk": 40, 
    "model": "planificacion.maquinacronograma", 
    "fields": {
        "cronograma": 4, 
        "maquina": 4
    }
},
{
    "pk": 41, 
    "model": "planificacion.maquinacronograma", 
    "fields": {
        "cronograma": 4, 
        "maquina": 5
    }
},
{
    "pk": 42, 
    "model": "planificacion.maquinacronograma", 
    "fields": {
        "cronograma": 4, 
        "maquina": 6
    }
},
{
    "pk": 43, 
    "model": "planificacion.maquinacronograma", 
    "fields": {
        "cronograma": 4, 
        "maquina": 7
    }
},
{
    "pk": 44, 
    "model": "planificacion.maquinacronograma", 
    "fields": {
        "cronograma": 4, 
        "maquina": 8
    }
},
{
    "pk": 45, 
    "model": "planificacion.maquinacronograma", 
    "fields": {
        "cronograma": 4, 
        "maquina": 9
    }
},
{
    "pk": 46, 
    "model": "planificacion.maquinacronograma", 
    "fields": {
        "cronograma": 4, 
        "maquina": 10
    }
},
{
    "pk": 47, 
    "model": "planificacion.maquinacronograma", 
    "fields": {
        "cronograma": 4, 
        "maquina": 11
    }
},
{
    "pk": 48, 
    "model": "planificacion.maquinacronograma", 
    "fields": {
        "cronograma": 4, 
        "maquina": 12
    }
},
{
    "pk": 49, 
    "model": "planificacion.maquinacronograma", 
    "fields": {
        "cronograma": 4, 
        "maquina": 13
    }
},
{
    "pk": 50, 
    "model": "planificacion.maquinacronograma", 
    "fields": {
        "cronograma": 5, 
        "maquina": 1
    }
},
{
    "pk": 51, 
    "model": "planificacion.maquinacronograma", 
    "fields": {
        "cronograma": 5, 
        "maquina": 2
    }
},
{
    "pk": 52, 
    "model": "planificacion.maquinacronograma", 
    "fields": {
        "cronograma": 5, 
        "maquina": 3
    }
},
{
    "pk": 53, 
    "model": "planificacion.maquinacronograma", 
    "fields": {
        "cronograma": 5, 
        "maquina": 4
    }
},
{
    "pk": 54, 
    "model": "planificacion.maquinacronograma", 
    "fields": {
        "cronograma": 5, 
        "maquina": 5
    }
},
{
    "pk": 55, 
    "model": "planificacion.maquinacronograma", 
    "fields": {
        "cronograma": 5, 
        "maquina": 6
    }
},
{
    "pk": 56, 
    "model": "planificacion.maquinacronograma", 
    "fields": {
        "cronograma": 5, 
        "maquina": 7
    }
},
{
    "pk": 57, 
    "model": "planificacion.maquinacronograma", 
    "fields": {
        "cronograma": 5, 
        "maquina": 8
    }
},
{
    "pk": 58, 
    "model": "planificacion.maquinacronograma", 
    "fields": {
        "cronograma": 5, 
        "maquina": 9
    }
},
{
    "pk": 59, 
    "model": "planificacion.maquinacronograma", 
    "fields": {
        "cronograma": 5, 
        "maquina": 10
    }
},
{
    "pk": 60, 
    "model": "planificacion.maquinacronograma", 
    "fields": {
        "cronograma": 5, 
        "maquina": 11
    }
},
{
    "pk": 61, 
    "model": "planificacion.maquinacronograma", 
    "fields": {
        "cronograma": 5, 
        "maquina": 12
    }
},
{
    "pk": 62, 
    "model": "planificacion.maquinacronograma", 
    "fields": {
        "cronograma": 5, 
        "maquina": 13
    }
},
{
    "pk": 63, 
    "model": "planificacion.maquinacronograma", 
    "fields": {
        "cronograma": 6, 
        "maquina": 1
    }
},
{
    "pk": 65, 
    "model": "planificacion.maquinacronograma", 
    "fields": {
        "cronograma": 6, 
        "maquina": 3
    }
},
{
    "pk": 66, 
    "model": "planificacion.maquinacronograma", 
    "fields": {
        "cronograma": 6, 
        "maquina": 4
    }
},
{
    "pk": 67, 
    "model": "planificacion.maquinacronograma", 
    "fields": {
        "cronograma": 6, 
        "maquina": 5
    }
},
{
    "pk": 68, 
    "model": "planificacion.maquinacronograma", 
    "fields": {
        "cronograma": 6, 
        "maquina": 6
    }
},
{
    "pk": 69, 
    "model": "planificacion.maquinacronograma", 
    "fields": {
        "cronograma": 6, 
        "maquina": 7
    }
},
{
    "pk": 70, 
    "model": "planificacion.maquinacronograma", 
    "fields": {
        "cronograma": 6, 
        "maquina": 8
    }
},
{
    "pk": 71, 
    "model": "planificacion.maquinacronograma", 
    "fields": {
        "cronograma": 6, 
        "maquina": 9
    }
},
{
    "pk": 72, 
    "model": "planificacion.maquinacronograma", 
    "fields": {
        "cronograma": 6, 
        "maquina": 10
    }
},
{
    "pk": 73, 
    "model": "planificacion.maquinacronograma", 
    "fields": {
        "cronograma": 6, 
        "maquina": 11
    }
},
{
    "pk": 74, 
    "model": "planificacion.maquinacronograma", 
    "fields": {
        "cronograma": 6, 
        "maquina": 12
    }
},
{
    "pk": 75, 
    "model": "planificacion.maquinacronograma", 
    "fields": {
        "cronograma": 6, 
        "maquina": 13
    }
},
{
    "pk": 76, 
    "model": "planificacion.maquinacronograma", 
    "fields": {
        "cronograma": 7, 
        "maquina": 1
    }
},
{
    "pk": 77, 
    "model": "planificacion.maquinacronograma", 
    "fields": {
        "cronograma": 7, 
        "maquina": 2
    }
},
{
    "pk": 78, 
    "model": "planificacion.maquinacronograma", 
    "fields": {
        "cronograma": 7, 
        "maquina": 3
    }
},
{
    "pk": 79, 
    "model": "planificacion.maquinacronograma", 
    "fields": {
        "cronograma": 7, 
        "maquina": 4
    }
},
{
    "pk": 80, 
    "model": "planificacion.maquinacronograma", 
    "fields": {
        "cronograma": 7, 
        "maquina": 5
    }
},
{
    "pk": 81, 
    "model": "planificacion.maquinacronograma", 
    "fields": {
        "cronograma": 7, 
        "maquina": 6
    }
},
{
    "pk": 82, 
    "model": "planificacion.maquinacronograma", 
    "fields": {
        "cronograma": 7, 
        "maquina": 7
    }
},
{
    "pk": 83, 
    "model": "planificacion.maquinacronograma", 
    "fields": {
        "cronograma": 7, 
        "maquina": 8
    }
},
{
    "pk": 84, 
    "model": "planificacion.maquinacronograma", 
    "fields": {
        "cronograma": 7, 
        "maquina": 9
    }
},
{
    "pk": 85, 
    "model": "planificacion.maquinacronograma", 
    "fields": {
        "cronograma": 7, 
        "maquina": 10
    }
},
{
    "pk": 86, 
    "model": "planificacion.maquinacronograma", 
    "fields": {
        "cronograma": 7, 
        "maquina": 11
    }
},
{
    "pk": 87, 
    "model": "planificacion.maquinacronograma", 
    "fields": {
        "cronograma": 7, 
        "maquina": 12
    }
},
{
    "pk": 88, 
    "model": "planificacion.maquinacronograma", 
    "fields": {
        "cronograma": 7, 
        "maquina": 13
    }
},
{
    "pk": 89, 
    "model": "planificacion.maquinacronograma", 
    "fields": {
        "cronograma": 8, 
        "maquina": 16
    }
},
{
    "pk": 90, 
    "model": "planificacion.maquinacronograma", 
    "fields": {
        "cronograma": 8, 
        "maquina": 17
    }
},
{
    "pk": 91, 
    "model": "planificacion.maquinacronograma", 
    "fields": {
        "cronograma": 8, 
        "maquina": 14
    }
},
{
    "pk": 92, 
    "model": "planificacion.maquinacronograma", 
    "fields": {
        "cronograma": 8, 
        "maquina": 15
    }
},
{
    "pk": 93, 
    "model": "planificacion.maquinacronograma", 
    "fields": {
        "cronograma": 9, 
        "maquina": 17
    }
},
{
    "pk": 94, 
    "model": "planificacion.maquinacronograma", 
    "fields": {
        "cronograma": 9, 
        "maquina": 18
    }
},
{
    "pk": 95, 
    "model": "planificacion.maquinacronograma", 
    "fields": {
        "cronograma": 9, 
        "maquina": 19
    }
},
{
    "pk": 96, 
    "model": "planificacion.maquinacronograma", 
    "fields": {
        "cronograma": 9, 
        "maquina": 14
    }
},
{
    "pk": 97, 
    "model": "planificacion.maquinacronograma", 
    "fields": {
        "cronograma": 9, 
        "maquina": 15
    }
},
{
    "pk": 1, 
    "model": "planificacion.intervalocronograma", 
    "fields": {
        "fecha_desde": "2014-05-19T08:00:00Z", 
        "maquinacronograma": 14, 
        "tareaproducto": 7, 
        "producto": 1, 
        "fecha_hasta": "2014-05-19T08:40:00Z", 
        "maquina": 1, 
        "pedido": 1, 
        "pedidocronograma": 3, 
        "itempedido": 1, 
        "estado": 2, 
        "cantidad_tarea": "100", 
        "tareamaquina": 2, 
        "cronograma": 2, 
        "tarea": 2, 
        "tiempo_intervalo": "40", 
        "cantidad_tarea_real": "1"
    }
},
{
    "pk": 2, 
    "model": "planificacion.intervalocronograma", 
    "fields": {
        "fecha_desde": "2014-05-19T08:00:00Z", 
        "maquinacronograma": 19, 
        "tareaproducto": 9, 
        "producto": 1, 
        "fecha_hasta": "2014-05-19T08:40:00Z", 
        "maquina": 6, 
        "pedido": 1, 
        "pedidocronograma": 3, 
        "itempedido": 1, 
        "estado": 2, 
        "cantidad_tarea": "100", 
        "tareamaquina": 6, 
        "cronograma": 2, 
        "tarea": 6, 
        "tiempo_intervalo": "40", 
        "cantidad_tarea_real": "1"
    }
},
{
    "pk": 3, 
    "model": "planificacion.intervalocronograma", 
    "fields": {
        "fecha_desde": "2014-05-19T08:00:00Z", 
        "maquinacronograma": 25, 
        "tareaproducto": 6, 
        "producto": 1, 
        "fecha_hasta": "2014-05-19T08:40:00Z", 
        "maquina": 12, 
        "pedido": 1, 
        "pedidocronograma": 3, 
        "itempedido": 1, 
        "estado": 2, 
        "cantidad_tarea": "100", 
        "tareamaquina": 12, 
        "cronograma": 2, 
        "tarea": 12, 
        "tiempo_intervalo": "40", 
        "cantidad_tarea_real": "1"
    }
},
{
    "pk": 4, 
    "model": "planificacion.intervalocronograma", 
    "fields": {
        "fecha_desde": "2014-05-19T08:00:00Z", 
        "maquinacronograma": 26, 
        "tareaproducto": 1, 
        "producto": 1, 
        "fecha_hasta": "2014-05-19T09:40:00Z", 
        "maquina": 13, 
        "pedido": 1, 
        "pedidocronograma": 3, 
        "itempedido": 1, 
        "estado": 2, 
        "cantidad_tarea": "100", 
        "tareamaquina": 13, 
        "cronograma": 2, 
        "tarea": 13, 
        "tiempo_intervalo": "100", 
        "cantidad_tarea_real": "1"
    }
},
{
    "pk": 5, 
    "model": "planificacion.intervalocronograma", 
    "fields": {
        "fecha_desde": "2014-05-19T08:40:01Z", 
        "maquinacronograma": 14, 
        "tareaproducto": 3, 
        "producto": 1, 
        "fecha_hasta": "2014-05-19T09:00:01Z", 
        "maquina": 1, 
        "pedido": 1, 
        "pedidocronograma": 3, 
        "itempedido": 1, 
        "estado": 2, 
        "cantidad_tarea": "100", 
        "tareamaquina": 1, 
        "cronograma": 2, 
        "tarea": 1, 
        "tiempo_intervalo": "20", 
        "cantidad_tarea_real": "1"
    }
},
{
    "pk": 6, 
    "model": "planificacion.intervalocronograma", 
    "fields": {
        "fecha_desde": "2014-05-19T08:00:00Z", 
        "maquinacronograma": 20, 
        "tareaproducto": 4, 
        "producto": 1, 
        "fecha_hasta": "2014-05-19T09:00:00Z", 
        "maquina": 7, 
        "pedido": 1, 
        "pedidocronograma": 3, 
        "itempedido": 1, 
        "estado": 2, 
        "cantidad_tarea": "100", 
        "tareamaquina": 7, 
        "cronograma": 2, 
        "tarea": 7, 
        "tiempo_intervalo": "60", 
        "cantidad_tarea_real": "1"
    }
},
{
    "pk": 7, 
    "model": "planificacion.intervalocronograma", 
    "fields": {
        "fecha_desde": "2014-05-19T08:29:59Z", 
        "maquinacronograma": 24, 
        "tareaproducto": 2, 
        "producto": 1, 
        "fecha_hasta": "2014-05-19T08:39:59Z", 
        "maquina": 8, 
        "pedido": 1, 
        "pedidocronograma": 3, 
        "itempedido": 1, 
        "estado": 2, 
        "cantidad_tarea": "100", 
        "tareamaquina": 8, 
        "cronograma": 2, 
        "tarea": 8, 
        "tiempo_intervalo": "10", 
        "cantidad_tarea_real": "1"
    }
},
{
    "pk": 8, 
    "model": "planificacion.intervalocronograma", 
    "fields": {
        "fecha_desde": "2014-05-19T08:39:49Z", 
        "maquinacronograma": 16, 
        "tareaproducto": 8, 
        "producto": 1, 
        "fecha_hasta": "2014-05-19T11:59:49Z", 
        "maquina": 3, 
        "pedido": 1, 
        "pedidocronograma": 3, 
        "itempedido": 1, 
        "estado": 2, 
        "cantidad_tarea": "100", 
        "tareamaquina": 14, 
        "cronograma": 2, 
        "tarea": 3, 
        "tiempo_intervalo": "200", 
        "cantidad_tarea_real": "1"
    }
},
{
    "pk": 9, 
    "model": "planificacion.intervalocronograma", 
    "fields": {
        "fecha_desde": "2014-05-19T09:29:37Z", 
        "maquinacronograma": 17, 
        "tareaproducto": 11, 
        "producto": 1, 
        "fecha_hasta": "2014-05-19T11:59:37Z", 
        "maquina": 4, 
        "pedido": 1, 
        "pedidocronograma": 3, 
        "itempedido": 1, 
        "estado": 2, 
        "cantidad_tarea": "100", 
        "tareamaquina": 4, 
        "cronograma": 2, 
        "tarea": 4, 
        "tiempo_intervalo": "150", 
        "cantidad_tarea_real": "1"
    }
},
{
    "pk": 10, 
    "model": "planificacion.intervalocronograma", 
    "fields": {
        "fecha_desde": "2014-05-19T13:00:00Z", 
        "maquinacronograma": 18, 
        "tareaproducto": 5, 
        "producto": 1, 
        "fecha_hasta": "2014-05-19T13:50:00Z", 
        "maquina": 5, 
        "pedido": 1, 
        "pedidocronograma": 3, 
        "itempedido": 1, 
        "estado": 2, 
        "cantidad_tarea": "100", 
        "tareamaquina": 5, 
        "cronograma": 2, 
        "tarea": 5, 
        "tiempo_intervalo": "50", 
        "cantidad_tarea_real": "1"
    }
},
{
    "pk": 11, 
    "model": "planificacion.intervalocronograma", 
    "fields": {
        "fecha_desde": "2014-05-19T13:34:57Z", 
        "maquinacronograma": 21, 
        "tareaproducto": 10, 
        "producto": 1, 
        "fecha_hasta": "2014-05-19T13:49:57Z", 
        "maquina": 9, 
        "pedido": 1, 
        "pedidocronograma": 3, 
        "itempedido": 1, 
        "estado": 2, 
        "cantidad_tarea": "100", 
        "tareamaquina": 9, 
        "cronograma": 2, 
        "tarea": 9, 
        "tiempo_intervalo": "15", 
        "cantidad_tarea_real": "1"
    }
},
{
    "pk": 12, 
    "model": "planificacion.intervalocronograma", 
    "fields": {
        "fecha_desde": "2014-05-19T13:34:52Z", 
        "maquinacronograma": 22, 
        "tareaproducto": 12, 
        "producto": 1, 
        "fecha_hasta": "2014-05-19T15:14:52Z", 
        "maquina": 10, 
        "pedido": 1, 
        "pedidocronograma": 3, 
        "itempedido": 1, 
        "estado": 2, 
        "cantidad_tarea": "100", 
        "tareamaquina": 10, 
        "cronograma": 2, 
        "tarea": 10, 
        "tiempo_intervalo": "100", 
        "cantidad_tarea_real": "1"
    }
},
{
    "pk": 13, 
    "model": "planificacion.intervalocronograma", 
    "fields": {
        "fecha_desde": "2014-05-19T14:54:47Z", 
        "maquinacronograma": 23, 
        "tareaproducto": 13, 
        "producto": 1, 
        "fecha_hasta": "2014-05-19T15:14:47Z", 
        "maquina": 11, 
        "pedido": 1, 
        "pedidocronograma": 3, 
        "itempedido": 1, 
        "estado": 2, 
        "cantidad_tarea": "100", 
        "tareamaquina": 11, 
        "cronograma": 2, 
        "tarea": 11, 
        "tiempo_intervalo": "20", 
        "cantidad_tarea_real": "1"
    }
},
{
    "pk": 14, 
    "model": "planificacion.intervalocronograma", 
    "fields": {
        "fecha_desde": "2014-05-19T09:00:01Z", 
        "maquinacronograma": 14, 
        "tareaproducto": 21, 
        "producto": 2, 
        "fecha_hasta": "2014-05-19T10:20:01Z", 
        "maquina": 1, 
        "pedido": 2, 
        "pedidocronograma": 2, 
        "itempedido": 3, 
        "estado": 2, 
        "cantidad_tarea": "200", 
        "tareamaquina": 2, 
        "cronograma": 2, 
        "tarea": 2, 
        "tiempo_intervalo": "80", 
        "cantidad_tarea_real": "200"
    }
},
{
    "pk": 15, 
    "model": "planificacion.intervalocronograma", 
    "fields": {
        "fecha_desde": "2014-05-19T08:40:01Z", 
        "maquinacronograma": 19, 
        "tareaproducto": 23, 
        "producto": 2, 
        "fecha_hasta": "2014-05-19T10:00:01Z", 
        "maquina": 6, 
        "pedido": 2, 
        "pedidocronograma": 2, 
        "itempedido": 3, 
        "estado": 2, 
        "cantidad_tarea": "200", 
        "tareamaquina": 6, 
        "cronograma": 2, 
        "tarea": 6, 
        "tiempo_intervalo": "80", 
        "cantidad_tarea_real": "200"
    }
},
{
    "pk": 16, 
    "model": "planificacion.intervalocronograma", 
    "fields": {
        "fecha_desde": "2014-05-19T10:20:02Z", 
        "maquinacronograma": 14, 
        "tareaproducto": 20, 
        "producto": 2, 
        "fecha_hasta": "2014-05-19T11:00:02Z", 
        "maquina": 1, 
        "pedido": 2, 
        "pedidocronograma": 2, 
        "itempedido": 3, 
        "estado": 2, 
        "cantidad_tarea": "200", 
        "tareamaquina": 1, 
        "cronograma": 2, 
        "tarea": 1, 
        "tiempo_intervalo": "40", 
        "cantidad_tarea_real": "200"
    }
},
{
    "pk": 17, 
    "model": "planificacion.intervalocronograma", 
    "fields": {
        "fecha_desde": "2014-05-19T09:00:00Z", 
        "maquinacronograma": 20, 
        "tareaproducto": 22, 
        "producto": 2, 
        "fecha_hasta": "2014-05-19T11:00:00Z", 
        "maquina": 7, 
        "pedido": 2, 
        "pedidocronograma": 2, 
        "itempedido": 3, 
        "estado": 2, 
        "cantidad_tarea": "200", 
        "tareamaquina": 7, 
        "cronograma": 2, 
        "tarea": 7, 
        "tiempo_intervalo": "120", 
        "cantidad_tarea_real": "200"
    }
},
{
    "pk": 18, 
    "model": "planificacion.intervalocronograma", 
    "fields": {
        "fecha_desde": "2014-05-19T10:19:50Z", 
        "maquinacronograma": 15, 
        "tareaproducto": 19, 
        "producto": 2, 
        "fecha_hasta": "2014-05-19T12:00:00Z", 
        "maquina": 2, 
        "pedido": 2, 
        "pedidocronograma": 2, 
        "itempedido": 3, 
        "estado": 2, 
        "cantidad_tarea": "50.08", 
        "tareamaquina": 3, 
        "cronograma": 2, 
        "tarea": 3, 
        "tiempo_intervalo": "100.17", 
        "cantidad_tarea_real": "50.08"
    }
},
{
    "pk": 19, 
    "model": "planificacion.intervalocronograma", 
    "fields": {
        "fecha_desde": "2014-05-19T13:00:00Z", 
        "maquinacronograma": 15, 
        "tareaproducto": 19, 
        "producto": 2, 
        "fecha_hasta": "2014-05-19T16:19:49Z", 
        "maquina": 2, 
        "pedido": 2, 
        "pedidocronograma": 2, 
        "itempedido": 3, 
        "estado": 2, 
        "cantidad_tarea": "99.92", 
        "tareamaquina": 3, 
        "cronograma": 2, 
        "tarea": 3, 
        "tiempo_intervalo": "199.83", 
        "cantidad_tarea_real": "99.92"
    }
},
{
    "pk": 20, 
    "model": "planificacion.intervalocronograma", 
    "fields": {
        "fecha_desde": "2014-05-19T13:00:00Z", 
        "maquinacronograma": 16, 
        "tareaproducto": 19, 
        "producto": 2, 
        "fecha_hasta": "2014-05-19T14:40:00Z", 
        "maquina": 3, 
        "pedido": 2, 
        "pedidocronograma": 2, 
        "itempedido": 3, 
        "estado": 2, 
        "cantidad_tarea": "50", 
        "tareamaquina": 14, 
        "cronograma": 2, 
        "tarea": 3, 
        "tiempo_intervalo": "100", 
        "cantidad_tarea_real": "50"
    }
},
{
    "pk": 21, 
    "model": "planificacion.intervalocronograma", 
    "fields": {
        "fecha_desde": "2014-05-19T13:00:00Z", 
        "maquinacronograma": 17, 
        "tareaproducto": 18, 
        "producto": 2, 
        "fecha_hasta": "2014-05-19T17:00:00Z", 
        "maquina": 4, 
        "pedido": 2, 
        "pedidocronograma": 2, 
        "itempedido": 3, 
        "estado": 2, 
        "cantidad_tarea": "160", 
        "tareamaquina": 4, 
        "cronograma": 2, 
        "tarea": 4, 
        "tiempo_intervalo": "240", 
        "cantidad_tarea_real": "160"
    }
},
{
    "pk": 22, 
    "model": "planificacion.intervalocronograma", 
    "fields": {
        "fecha_desde": "2014-05-20T08:00:00Z", 
        "maquinacronograma": 17, 
        "tareaproducto": 18, 
        "producto": 2, 
        "fecha_hasta": "2014-05-20T09:00:00Z", 
        "maquina": 4, 
        "pedido": 2, 
        "pedidocronograma": 2, 
        "itempedido": 3, 
        "estado": 2, 
        "cantidad_tarea": "40", 
        "tareamaquina": 4, 
        "cronograma": 2, 
        "tarea": 4, 
        "tiempo_intervalo": "60", 
        "cantidad_tarea_real": "40"
    }
},
{
    "pk": 23, 
    "model": "planificacion.intervalocronograma", 
    "fields": {
        "fecha_desde": "2014-05-19T15:39:57Z", 
        "maquinacronograma": 18, 
        "tareaproducto": 17, 
        "producto": 2, 
        "fecha_hasta": "2014-05-19T17:00:00Z", 
        "maquina": 5, 
        "pedido": 2, 
        "pedidocronograma": 2, 
        "itempedido": 3, 
        "estado": 2, 
        "cantidad_tarea": "160.1", 
        "tareamaquina": 5, 
        "cronograma": 2, 
        "tarea": 5, 
        "tiempo_intervalo": "80.05", 
        "cantidad_tarea_real": "160.1"
    }
},
{
    "pk": 24, 
    "model": "planificacion.intervalocronograma", 
    "fields": {
        "fecha_desde": "2014-05-20T08:39:54Z", 
        "maquinacronograma": 18, 
        "tareaproducto": 17, 
        "producto": 2, 
        "fecha_hasta": "2014-05-20T08:59:51Z", 
        "maquina": 5, 
        "pedido": 2, 
        "pedidocronograma": 2, 
        "itempedido": 3, 
        "estado": 2, 
        "cantidad_tarea": "39.9", 
        "tareamaquina": 5, 
        "cronograma": 2, 
        "tarea": 5, 
        "tiempo_intervalo": "19.95", 
        "cantidad_tarea_real": "39.9"
    }
},
{
    "pk": 25, 
    "model": "planificacion.intervalocronograma", 
    "fields": {
        "fecha_desde": "2014-05-20T08:29:49Z", 
        "maquinacronograma": 21, 
        "tareaproducto": 16, 
        "producto": 2, 
        "fecha_hasta": "2014-05-20T08:59:49Z", 
        "maquina": 9, 
        "pedido": 2, 
        "pedidocronograma": 2, 
        "itempedido": 3, 
        "estado": 2, 
        "cantidad_tarea": "200", 
        "tareamaquina": 9, 
        "cronograma": 2, 
        "tarea": 9, 
        "tiempo_intervalo": "30", 
        "cantidad_tarea_real": "200"
    }
},
{
    "pk": 26, 
    "model": "planificacion.intervalocronograma", 
    "fields": {
        "fecha_desde": "2014-05-20T08:29:37Z", 
        "maquinacronograma": 22, 
        "tareaproducto": 15, 
        "producto": 2, 
        "fecha_hasta": "2014-05-20T11:59:59Z", 
        "maquina": 10, 
        "pedido": 2, 
        "pedidocronograma": 2, 
        "itempedido": 3, 
        "estado": 2, 
        "cantidad_tarea": "105.19", 
        "tareamaquina": 10, 
        "cronograma": 2, 
        "tarea": 10, 
        "tiempo_intervalo": "210.38", 
        "cantidad_tarea_real": "105.19"
    }
},
{
    "pk": 27, 
    "model": "planificacion.intervalocronograma", 
    "fields": {
        "fecha_desde": "2014-05-20T13:00:00Z", 
        "maquinacronograma": 22, 
        "tareaproducto": 15, 
        "producto": 2, 
        "fecha_hasta": "2014-05-20T16:09:37Z", 
        "maquina": 10, 
        "pedido": 2, 
        "pedidocronograma": 2, 
        "itempedido": 3, 
        "estado": 2, 
        "cantidad_tarea": "94.81", 
        "tareamaquina": 10, 
        "cronograma": 2, 
        "tarea": 10, 
        "tiempo_intervalo": "189.62", 
        "cantidad_tarea_real": "94.81"
    }
},
{
    "pk": 28, 
    "model": "planificacion.intervalocronograma", 
    "fields": {
        "fecha_desde": "2014-05-20T15:29:26Z", 
        "maquinacronograma": 23, 
        "tareaproducto": 14, 
        "producto": 2, 
        "fecha_hasta": "2014-05-20T16:09:26Z", 
        "maquina": 11, 
        "pedido": 2, 
        "pedidocronograma": 2, 
        "itempedido": 3, 
        "estado": 2, 
        "cantidad_tarea": "200", 
        "tareamaquina": 11, 
        "cronograma": 2, 
        "tarea": 11, 
        "tiempo_intervalo": "40", 
        "cantidad_tarea_real": "200"
    }
},
{
    "pk": 29, 
    "model": "planificacion.intervalocronograma", 
    "fields": {
        "fecha_desde": "2014-05-19T11:00:02Z", 
        "maquinacronograma": 37, 
        "tareaproducto": 7, 
        "producto": 1, 
        "fecha_hasta": "2014-05-19T11:39:38Z", 
        "maquina": 1, 
        "pedido": 1, 
        "pedidocronograma": 5, 
        "itempedido": 1, 
        "estado": 2, 
        "cantidad_tarea": "99", 
        "tareamaquina": 2, 
        "cronograma": 4, 
        "tarea": 2, 
        "tiempo_intervalo": "39.6", 
        "cantidad_tarea_real": "4"
    }
},
{
    "pk": 30, 
    "model": "planificacion.intervalocronograma", 
    "fields": {
        "fecha_desde": "2014-05-19T10:00:01Z", 
        "maquinacronograma": 42, 
        "tareaproducto": 9, 
        "producto": 1, 
        "fecha_hasta": "2014-05-19T10:39:37Z", 
        "maquina": 6, 
        "pedido": 1, 
        "pedidocronograma": 5, 
        "itempedido": 1, 
        "estado": 2, 
        "cantidad_tarea": "99", 
        "tareamaquina": 6, 
        "cronograma": 4, 
        "tarea": 6, 
        "tiempo_intervalo": "39.6", 
        "cantidad_tarea_real": "4"
    }
},
{
    "pk": 31, 
    "model": "planificacion.intervalocronograma", 
    "fields": {
        "fecha_desde": "2014-05-19T08:40:01Z", 
        "maquinacronograma": 48, 
        "tareaproducto": 6, 
        "producto": 1, 
        "fecha_hasta": "2014-05-19T09:19:37Z", 
        "maquina": 12, 
        "pedido": 1, 
        "pedidocronograma": 5, 
        "itempedido": 1, 
        "estado": 2, 
        "cantidad_tarea": "99", 
        "tareamaquina": 12, 
        "cronograma": 4, 
        "tarea": 12, 
        "tiempo_intervalo": "39.6", 
        "cantidad_tarea_real": "4"
    }
},
{
    "pk": 32, 
    "model": "planificacion.intervalocronograma", 
    "fields": {
        "fecha_desde": "2014-05-19T09:40:01Z", 
        "maquinacronograma": 49, 
        "tareaproducto": 1, 
        "producto": 1, 
        "fecha_hasta": "2014-05-19T11:19:01Z", 
        "maquina": 13, 
        "pedido": 1, 
        "pedidocronograma": 5, 
        "itempedido": 1, 
        "estado": 2, 
        "cantidad_tarea": "99", 
        "tareamaquina": 13, 
        "cronograma": 4, 
        "tarea": 13, 
        "tiempo_intervalo": "99", 
        "cantidad_tarea_real": "4"
    }
},
{
    "pk": 33, 
    "model": "planificacion.intervalocronograma", 
    "fields": {
        "fecha_desde": "2014-05-19T13:00:00Z", 
        "maquinacronograma": 37, 
        "tareaproducto": 3, 
        "producto": 1, 
        "fecha_hasta": "2014-05-19T13:19:48Z", 
        "maquina": 1, 
        "pedido": 1, 
        "pedidocronograma": 5, 
        "itempedido": 1, 
        "estado": 2, 
        "cantidad_tarea": "99", 
        "tareamaquina": 1, 
        "cronograma": 4, 
        "tarea": 1, 
        "tiempo_intervalo": "19.8", 
        "cantidad_tarea_real": "4"
    }
},
{
    "pk": 34, 
    "model": "planificacion.intervalocronograma", 
    "fields": {
        "fecha_desde": "2014-05-19T11:00:00Z", 
        "maquinacronograma": 43, 
        "tareaproducto": 4, 
        "producto": 1, 
        "fecha_hasta": "2014-05-19T11:59:24Z", 
        "maquina": 7, 
        "pedido": 1, 
        "pedidocronograma": 5, 
        "itempedido": 1, 
        "estado": 2, 
        "cantidad_tarea": "99", 
        "tareamaquina": 7, 
        "cronograma": 4, 
        "tarea": 7, 
        "tiempo_intervalo": "59.4", 
        "cantidad_tarea_real": "4"
    }
},
{
    "pk": 35, 
    "model": "planificacion.intervalocronograma", 
    "fields": {
        "fecha_desde": "2014-05-19T09:09:41Z", 
        "maquinacronograma": 44, 
        "tareaproducto": 2, 
        "producto": 1, 
        "fecha_hasta": "2014-05-19T09:19:35Z", 
        "maquina": 8, 
        "pedido": 1, 
        "pedidocronograma": 5, 
        "itempedido": 1, 
        "estado": 2, 
        "cantidad_tarea": "99", 
        "tareamaquina": 8, 
        "cronograma": 4, 
        "tarea": 8, 
        "tiempo_intervalo": "9.9", 
        "cantidad_tarea_real": "4"
    }
},
{
    "pk": 36, 
    "model": "planificacion.intervalocronograma", 
    "fields": {
        "fecha_desde": "2014-05-19T16:19:50Z", 
        "maquinacronograma": 38, 
        "tareaproducto": 8, 
        "producto": 1, 
        "fecha_hasta": "2014-05-19T17:00:00Z", 
        "maquina": 2, 
        "pedido": 1, 
        "pedidocronograma": 5, 
        "itempedido": 1, 
        "estado": 2, 
        "cantidad_tarea": "20.08", 
        "tareamaquina": 3, 
        "cronograma": 4, 
        "tarea": 3, 
        "tiempo_intervalo": "40.17", 
        "cantidad_tarea_real": "1"
    }
},
{
    "pk": 37, 
    "model": "planificacion.intervalocronograma", 
    "fields": {
        "fecha_desde": "2014-05-20T08:00:00Z", 
        "maquinacronograma": 38, 
        "tareaproducto": 8, 
        "producto": 1, 
        "fecha_hasta": "2014-05-20T08:58:49Z", 
        "maquina": 2, 
        "pedido": 1, 
        "pedidocronograma": 5, 
        "itempedido": 1, 
        "estado": 2, 
        "cantidad_tarea": "29.42", 
        "tareamaquina": 3, 
        "cronograma": 4, 
        "tarea": 3, 
        "tiempo_intervalo": "58.83", 
        "cantidad_tarea_real": "1"
    }
},
{
    "pk": 38, 
    "model": "planificacion.intervalocronograma", 
    "fields": {
        "fecha_desde": "2014-05-19T14:40:01Z", 
        "maquinacronograma": 39, 
        "tareaproducto": 8, 
        "producto": 1, 
        "fecha_hasta": "2014-05-19T16:19:01Z", 
        "maquina": 3, 
        "pedido": 1, 
        "pedidocronograma": 5, 
        "itempedido": 1, 
        "estado": 2, 
        "cantidad_tarea": "49.5", 
        "tareamaquina": 14, 
        "cronograma": 4, 
        "tarea": 3, 
        "tiempo_intervalo": "99", 
        "cantidad_tarea_real": "2"
    }
},
{
    "pk": 39, 
    "model": "planificacion.intervalocronograma", 
    "fields": {
        "fecha_desde": "2014-05-20T09:00:00Z", 
        "maquinacronograma": 40, 
        "tareaproducto": 11, 
        "producto": 1, 
        "fecha_hasta": "2014-05-20T11:28:30Z", 
        "maquina": 4, 
        "pedido": 1, 
        "pedidocronograma": 5, 
        "itempedido": 1, 
        "estado": 2, 
        "cantidad_tarea": "99", 
        "tareamaquina": 4, 
        "cronograma": 4, 
        "tarea": 4, 
        "tiempo_intervalo": "148.5", 
        "cantidad_tarea_real": "4"
    }
},
{
    "pk": 40, 
    "model": "planificacion.intervalocronograma", 
    "fields": {
        "fecha_desde": "2014-05-20T10:38:52Z", 
        "maquinacronograma": 41, 
        "tareaproducto": 5, 
        "producto": 1, 
        "fecha_hasta": "2014-05-20T11:28:22Z", 
        "maquina": 5, 
        "pedido": 1, 
        "pedidocronograma": 5, 
        "itempedido": 1, 
        "estado": 2, 
        "cantidad_tarea": "99", 
        "tareamaquina": 5, 
        "cronograma": 4, 
        "tarea": 5, 
        "tiempo_intervalo": "49.5", 
        "cantidad_tarea_real": "4"
    }
},
{
    "pk": 41, 
    "model": "planificacion.intervalocronograma", 
    "fields": {
        "fecha_desde": "2014-05-20T11:13:29Z", 
        "maquinacronograma": 45, 
        "tareaproducto": 10, 
        "producto": 1, 
        "fecha_hasta": "2014-05-20T11:28:20Z", 
        "maquina": 9, 
        "pedido": 1, 
        "pedidocronograma": 5, 
        "itempedido": 1, 
        "estado": 2, 
        "cantidad_tarea": "99", 
        "tareamaquina": 9, 
        "cronograma": 4, 
        "tarea": 9, 
        "tiempo_intervalo": "14.85", 
        "cantidad_tarea_real": "4"
    }
},
{
    "pk": 42, 
    "model": "planificacion.intervalocronograma", 
    "fields": {
        "fecha_desde": "2014-05-20T16:09:38Z", 
        "maquinacronograma": 46, 
        "tareaproducto": 12, 
        "producto": 1, 
        "fecha_hasta": "2014-05-20T17:00:00Z", 
        "maquina": 10, 
        "pedido": 1, 
        "pedidocronograma": 5, 
        "itempedido": 1, 
        "estado": 2, 
        "cantidad_tarea": "50.37", 
        "tareamaquina": 10, 
        "cronograma": 4, 
        "tarea": 10, 
        "tiempo_intervalo": "50.37", 
        "cantidad_tarea_real": "3"
    }
},
{
    "pk": 43, 
    "model": "planificacion.intervalocronograma", 
    "fields": {
        "fecha_desde": "2014-05-21T08:00:00Z", 
        "maquinacronograma": 46, 
        "tareaproducto": 12, 
        "producto": 1, 
        "fecha_hasta": "2014-05-21T08:48:37Z", 
        "maquina": 10, 
        "pedido": 1, 
        "pedidocronograma": 5, 
        "itempedido": 1, 
        "estado": 2, 
        "cantidad_tarea": "48.63", 
        "tareamaquina": 10, 
        "cronograma": 4, 
        "tarea": 10, 
        "tiempo_intervalo": "48.63", 
        "cantidad_tarea_real": "1"
    }
},
{
    "pk": 44, 
    "model": "planificacion.intervalocronograma", 
    "fields": {
        "fecha_desde": "2014-05-21T08:28:44Z", 
        "maquinacronograma": 47, 
        "tareaproducto": 13, 
        "producto": 1, 
        "fecha_hasta": "2014-05-21T08:48:32Z", 
        "maquina": 11, 
        "pedido": 1, 
        "pedidocronograma": 5, 
        "itempedido": 1, 
        "estado": 2, 
        "cantidad_tarea": "99", 
        "tareamaquina": 11, 
        "cronograma": 4, 
        "tarea": 11, 
        "tiempo_intervalo": "19.8", 
        "cantidad_tarea_real": "4"
    }
},
{
    "pk": 45, 
    "model": "planificacion.intervalocronograma", 
    "fields": {
        "fecha_desde": "2014-05-19T13:19:48Z", 
        "maquinacronograma": 50, 
        "tareaproducto": 7, 
        "producto": 1, 
        "fecha_hasta": "2014-05-19T13:57:48Z", 
        "maquina": 1, 
        "pedido": 1, 
        "pedidocronograma": 6, 
        "itempedido": 1, 
        "estado": 1, 
        "cantidad_tarea": "95", 
        "tareamaquina": 2, 
        "cronograma": 5, 
        "tarea": 2, 
        "tiempo_intervalo": "38", 
        "cantidad_tarea_real": "0"
    }
},
{
    "pk": 46, 
    "model": "planificacion.intervalocronograma", 
    "fields": {
        "fecha_desde": "2014-05-19T10:39:37Z", 
        "maquinacronograma": 55, 
        "tareaproducto": 9, 
        "producto": 1, 
        "fecha_hasta": "2014-05-19T11:17:37Z", 
        "maquina": 6, 
        "pedido": 1, 
        "pedidocronograma": 6, 
        "itempedido": 1, 
        "estado": 1, 
        "cantidad_tarea": "95", 
        "tareamaquina": 6, 
        "cronograma": 5, 
        "tarea": 6, 
        "tiempo_intervalo": "38", 
        "cantidad_tarea_real": "0"
    }
},
{
    "pk": 47, 
    "model": "planificacion.intervalocronograma", 
    "fields": {
        "fecha_desde": "2014-05-19T09:19:38Z", 
        "maquinacronograma": 61, 
        "tareaproducto": 6, 
        "producto": 1, 
        "fecha_hasta": "2014-05-19T09:57:38Z", 
        "maquina": 12, 
        "pedido": 1, 
        "pedidocronograma": 6, 
        "itempedido": 1, 
        "estado": 1, 
        "cantidad_tarea": "95", 
        "tareamaquina": 12, 
        "cronograma": 5, 
        "tarea": 12, 
        "tiempo_intervalo": "38", 
        "cantidad_tarea_real": "0"
    }
},
{
    "pk": 48, 
    "model": "planificacion.intervalocronograma", 
    "fields": {
        "fecha_desde": "2014-05-19T11:19:02Z", 
        "maquinacronograma": 62, 
        "tareaproducto": 1, 
        "producto": 1, 
        "fecha_hasta": "2014-05-19T12:00:00Z", 
        "maquina": 13, 
        "pedido": 1, 
        "pedidocronograma": 6, 
        "itempedido": 1, 
        "estado": 1, 
        "cantidad_tarea": "40.97", 
        "tareamaquina": 13, 
        "cronograma": 5, 
        "tarea": 13, 
        "tiempo_intervalo": "40.97", 
        "cantidad_tarea_real": "0"
    }
},
{
    "pk": 49, 
    "model": "planificacion.intervalocronograma", 
    "fields": {
        "fecha_desde": "2014-05-19T13:00:00Z", 
        "maquinacronograma": 62, 
        "tareaproducto": 1, 
        "producto": 1, 
        "fecha_hasta": "2014-05-19T13:54:01Z", 
        "maquina": 13, 
        "pedido": 1, 
        "pedidocronograma": 6, 
        "itempedido": 1, 
        "estado": 1, 
        "cantidad_tarea": "54.03", 
        "tareamaquina": 13, 
        "cronograma": 5, 
        "tarea": 13, 
        "tiempo_intervalo": "54.03", 
        "cantidad_tarea_real": "0"
    }
},
{
    "pk": 50, 
    "model": "planificacion.intervalocronograma", 
    "fields": {
        "fecha_desde": "2014-05-19T13:57:48Z", 
        "maquinacronograma": 50, 
        "tareaproducto": 3, 
        "producto": 1, 
        "fecha_hasta": "2014-05-19T14:16:48Z", 
        "maquina": 1, 
        "pedido": 1, 
        "pedidocronograma": 6, 
        "itempedido": 1, 
        "estado": 3, 
        "cantidad_tarea": "95", 
        "tareamaquina": 1, 
        "cronograma": 5, 
        "tarea": 1, 
        "tiempo_intervalo": "19", 
        "cantidad_tarea_real": "0"
    }
},
{
    "pk": 51, 
    "model": "planificacion.intervalocronograma", 
    "fields": {
        "fecha_desde": "2014-05-19T13:00:00Z", 
        "maquinacronograma": 56, 
        "tareaproducto": 4, 
        "producto": 1, 
        "fecha_hasta": "2014-05-19T13:57:00Z", 
        "maquina": 7, 
        "pedido": 1, 
        "pedidocronograma": 6, 
        "itempedido": 1, 
        "estado": 1, 
        "cantidad_tarea": "95", 
        "tareamaquina": 7, 
        "cronograma": 5, 
        "tarea": 7, 
        "tiempo_intervalo": "57", 
        "cantidad_tarea_real": "0"
    }
},
{
    "pk": 52, 
    "model": "planificacion.intervalocronograma", 
    "fields": {
        "fecha_desde": "2014-05-19T09:48:07Z", 
        "maquinacronograma": 57, 
        "tareaproducto": 2, 
        "producto": 1, 
        "fecha_hasta": "2014-05-19T09:57:37Z", 
        "maquina": 8, 
        "pedido": 1, 
        "pedidocronograma": 6, 
        "itempedido": 1, 
        "estado": 1, 
        "cantidad_tarea": "95", 
        "tareamaquina": 8, 
        "cronograma": 5, 
        "tarea": 8, 
        "tiempo_intervalo": "9.5", 
        "cantidad_tarea_real": "0"
    }
},
{
    "pk": 53, 
    "model": "planificacion.intervalocronograma", 
    "fields": {
        "fecha_desde": "2014-05-20T08:58:49Z", 
        "maquinacronograma": 51, 
        "tareaproducto": 8, 
        "producto": 1, 
        "fecha_hasta": "2014-05-20T10:33:49Z", 
        "maquina": 2, 
        "pedido": 1, 
        "pedidocronograma": 6, 
        "itempedido": 1, 
        "estado": 3, 
        "cantidad_tarea": "47.5", 
        "tareamaquina": 3, 
        "cronograma": 5, 
        "tarea": 3, 
        "tiempo_intervalo": "95", 
        "cantidad_tarea_real": "0"
    }
},
{
    "pk": 54, 
    "model": "planificacion.intervalocronograma", 
    "fields": {
        "fecha_desde": "2014-05-19T16:19:02Z", 
        "maquinacronograma": 52, 
        "tareaproducto": 8, 
        "producto": 1, 
        "fecha_hasta": "2014-05-19T17:00:00Z", 
        "maquina": 3, 
        "pedido": 1, 
        "pedidocronograma": 6, 
        "itempedido": 1, 
        "estado": 3, 
        "cantidad_tarea": "20.48", 
        "tareamaquina": 14, 
        "cronograma": 5, 
        "tarea": 3, 
        "tiempo_intervalo": "40.97", 
        "cantidad_tarea_real": "0"
    }
},
{
    "pk": 55, 
    "model": "planificacion.intervalocronograma", 
    "fields": {
        "fecha_desde": "2014-05-20T08:00:00Z", 
        "maquinacronograma": 52, 
        "tareaproducto": 8, 
        "producto": 1, 
        "fecha_hasta": "2014-05-20T08:54:01Z", 
        "maquina": 3, 
        "pedido": 1, 
        "pedidocronograma": 6, 
        "itempedido": 1, 
        "estado": 3, 
        "cantidad_tarea": "27.02", 
        "tareamaquina": 14, 
        "cronograma": 5, 
        "tarea": 3, 
        "tiempo_intervalo": "54.03", 
        "cantidad_tarea_real": "0"
    }
},
{
    "pk": 56, 
    "model": "planificacion.intervalocronograma", 
    "fields": {
        "fecha_desde": "2014-05-20T11:28:30Z", 
        "maquinacronograma": 53, 
        "tareaproducto": 11, 
        "producto": 1, 
        "fecha_hasta": "2014-05-20T12:00:00Z", 
        "maquina": 4, 
        "pedido": 1, 
        "pedidocronograma": 6, 
        "itempedido": 1, 
        "estado": 3, 
        "cantidad_tarea": "21", 
        "tareamaquina": 4, 
        "cronograma": 5, 
        "tarea": 4, 
        "tiempo_intervalo": "31.5", 
        "cantidad_tarea_real": "0"
    }
},
{
    "pk": 57, 
    "model": "planificacion.intervalocronograma", 
    "fields": {
        "fecha_desde": "2014-05-20T13:00:00Z", 
        "maquinacronograma": 53, 
        "tareaproducto": 11, 
        "producto": 1, 
        "fecha_hasta": "2014-05-20T14:51:00Z", 
        "maquina": 4, 
        "pedido": 1, 
        "pedidocronograma": 6, 
        "itempedido": 1, 
        "estado": 3, 
        "cantidad_tarea": "74", 
        "tareamaquina": 4, 
        "cronograma": 5, 
        "tarea": 4, 
        "tiempo_intervalo": "111", 
        "cantidad_tarea_real": "0"
    }
},
{
    "pk": 58, 
    "model": "planificacion.intervalocronograma", 
    "fields": {
        "fecha_desde": "2014-05-20T14:03:22Z", 
        "maquinacronograma": 54, 
        "tareaproducto": 5, 
        "producto": 1, 
        "fecha_hasta": "2014-05-20T14:50:52Z", 
        "maquina": 5, 
        "pedido": 1, 
        "pedidocronograma": 6, 
        "itempedido": 1, 
        "estado": 3, 
        "cantidad_tarea": "95", 
        "tareamaquina": 5, 
        "cronograma": 5, 
        "tarea": 5, 
        "tiempo_intervalo": "47.5", 
        "cantidad_tarea_real": "0"
    }
},
{
    "pk": 59, 
    "model": "planificacion.intervalocronograma", 
    "fields": {
        "fecha_desde": "2014-05-20T14:36:35Z", 
        "maquinacronograma": 58, 
        "tareaproducto": 10, 
        "producto": 1, 
        "fecha_hasta": "2014-05-20T14:50:50Z", 
        "maquina": 9, 
        "pedido": 1, 
        "pedidocronograma": 6, 
        "itempedido": 1, 
        "estado": 3, 
        "cantidad_tarea": "95", 
        "tareamaquina": 9, 
        "cronograma": 5, 
        "tarea": 9, 
        "tiempo_intervalo": "14.25", 
        "cantidad_tarea_real": "0"
    }
},
{
    "pk": 60, 
    "model": "planificacion.intervalocronograma", 
    "fields": {
        "fecha_desde": "2014-05-21T08:48:38Z", 
        "maquinacronograma": 59, 
        "tareaproducto": 12, 
        "producto": 1, 
        "fecha_hasta": "2014-05-21T10:23:38Z", 
        "maquina": 10, 
        "pedido": 1, 
        "pedidocronograma": 6, 
        "itempedido": 1, 
        "estado": 3, 
        "cantidad_tarea": "95", 
        "tareamaquina": 10, 
        "cronograma": 5, 
        "tarea": 10, 
        "tiempo_intervalo": "95", 
        "cantidad_tarea_real": "0"
    }
},
{
    "pk": 61, 
    "model": "planificacion.intervalocronograma", 
    "fields": {
        "fecha_desde": "2014-05-21T10:04:32Z", 
        "maquinacronograma": 60, 
        "tareaproducto": 13, 
        "producto": 1, 
        "fecha_hasta": "2014-05-21T10:23:32Z", 
        "maquina": 11, 
        "pedido": 1, 
        "pedidocronograma": 6, 
        "itempedido": 1, 
        "estado": 3, 
        "cantidad_tarea": "95", 
        "tareamaquina": 11, 
        "cronograma": 5, 
        "tarea": 11, 
        "tiempo_intervalo": "19", 
        "cantidad_tarea_real": "0"
    }
},
{
    "pk": 62, 
    "model": "planificacion.intervalocronograma", 
    "fields": {
        "fecha_desde": "2014-07-04T08:00:00Z", 
        "maquinacronograma": 76, 
        "tareaproducto": 7, 
        "producto": 1, 
        "fecha_hasta": "2014-07-04T10:00:00Z", 
        "maquina": 1, 
        "pedido": 3, 
        "pedidocronograma": 8, 
        "itempedido": 4, 
        "estado": 1, 
        "cantidad_tarea": "300", 
        "tareamaquina": 2, 
        "cronograma": 7, 
        "tarea": 2, 
        "tiempo_intervalo": "120", 
        "cantidad_tarea_real": "0"
    }
},
{
    "pk": 63, 
    "model": "planificacion.intervalocronograma", 
    "fields": {
        "fecha_desde": "2014-07-04T08:00:00Z", 
        "maquinacronograma": 81, 
        "tareaproducto": 9, 
        "producto": 1, 
        "fecha_hasta": "2014-07-04T10:00:00Z", 
        "maquina": 6, 
        "pedido": 3, 
        "pedidocronograma": 8, 
        "itempedido": 4, 
        "estado": 1, 
        "cantidad_tarea": "300", 
        "tareamaquina": 6, 
        "cronograma": 7, 
        "tarea": 6, 
        "tiempo_intervalo": "120", 
        "cantidad_tarea_real": "0"
    }
},
{
    "pk": 64, 
    "model": "planificacion.intervalocronograma", 
    "fields": {
        "fecha_desde": "2014-07-04T08:00:00Z", 
        "maquinacronograma": 87, 
        "tareaproducto": 6, 
        "producto": 1, 
        "fecha_hasta": "2014-07-04T10:00:00Z", 
        "maquina": 12, 
        "pedido": 3, 
        "pedidocronograma": 8, 
        "itempedido": 4, 
        "estado": 1, 
        "cantidad_tarea": "300", 
        "tareamaquina": 12, 
        "cronograma": 7, 
        "tarea": 12, 
        "tiempo_intervalo": "120", 
        "cantidad_tarea_real": "0"
    }
},
{
    "pk": 65, 
    "model": "planificacion.intervalocronograma", 
    "fields": {
        "fecha_desde": "2014-07-04T08:00:00Z", 
        "maquinacronograma": 88, 
        "tareaproducto": 1, 
        "producto": 1, 
        "fecha_hasta": "2014-07-04T12:00:00Z", 
        "maquina": 13, 
        "pedido": 3, 
        "pedidocronograma": 8, 
        "itempedido": 4, 
        "estado": 1, 
        "cantidad_tarea": "240", 
        "tareamaquina": 13, 
        "cronograma": 7, 
        "tarea": 13, 
        "tiempo_intervalo": "240", 
        "cantidad_tarea_real": "0"
    }
},
{
    "pk": 66, 
    "model": "planificacion.intervalocronograma", 
    "fields": {
        "fecha_desde": "2014-07-04T13:00:00Z", 
        "maquinacronograma": 88, 
        "tareaproducto": 1, 
        "producto": 1, 
        "fecha_hasta": "2014-07-04T14:00:00Z", 
        "maquina": 13, 
        "pedido": 3, 
        "pedidocronograma": 8, 
        "itempedido": 4, 
        "estado": 1, 
        "cantidad_tarea": "60", 
        "tareamaquina": 13, 
        "cronograma": 7, 
        "tarea": 13, 
        "tiempo_intervalo": "60", 
        "cantidad_tarea_real": "0"
    }
},
{
    "pk": 67, 
    "model": "planificacion.intervalocronograma", 
    "fields": {
        "fecha_desde": "2014-07-04T10:00:00Z", 
        "maquinacronograma": 76, 
        "tareaproducto": 3, 
        "producto": 1, 
        "fecha_hasta": "2014-07-04T11:00:00Z", 
        "maquina": 1, 
        "pedido": 3, 
        "pedidocronograma": 8, 
        "itempedido": 4, 
        "estado": 1, 
        "cantidad_tarea": "300", 
        "tareamaquina": 1, 
        "cronograma": 7, 
        "tarea": 1, 
        "tiempo_intervalo": "60", 
        "cantidad_tarea_real": "0"
    }
},
{
    "pk": 68, 
    "model": "planificacion.intervalocronograma", 
    "fields": {
        "fecha_desde": "2014-07-04T08:00:00Z", 
        "maquinacronograma": 82, 
        "tareaproducto": 4, 
        "producto": 1, 
        "fecha_hasta": "2014-07-04T11:00:00Z", 
        "maquina": 7, 
        "pedido": 3, 
        "pedidocronograma": 8, 
        "itempedido": 4, 
        "estado": 1, 
        "cantidad_tarea": "300", 
        "tareamaquina": 7, 
        "cronograma": 7, 
        "tarea": 7, 
        "tiempo_intervalo": "180", 
        "cantidad_tarea_real": "0"
    }
},
{
    "pk": 69, 
    "model": "planificacion.intervalocronograma", 
    "fields": {
        "fecha_desde": "2014-07-04T09:29:59Z", 
        "maquinacronograma": 83, 
        "tareaproducto": 2, 
        "producto": 1, 
        "fecha_hasta": "2014-07-04T09:59:59Z", 
        "maquina": 8, 
        "pedido": 3, 
        "pedidocronograma": 8, 
        "itempedido": 4, 
        "estado": 1, 
        "cantidad_tarea": "300", 
        "tareamaquina": 8, 
        "cronograma": 7, 
        "tarea": 8, 
        "tiempo_intervalo": "30", 
        "cantidad_tarea_real": "0"
    }
},
{
    "pk": 70, 
    "model": "planificacion.intervalocronograma", 
    "fields": {
        "fecha_desde": "2014-07-04T09:59:49Z", 
        "maquinacronograma": 77, 
        "tareaproducto": 8, 
        "producto": 1, 
        "fecha_hasta": "2014-07-04T11:59:59Z", 
        "maquina": 2, 
        "pedido": 3, 
        "pedidocronograma": 8, 
        "itempedido": 4, 
        "estado": 1, 
        "cantidad_tarea": "60.09", 
        "tareamaquina": 3, 
        "cronograma": 7, 
        "tarea": 3, 
        "tiempo_intervalo": "120.18", 
        "cantidad_tarea_real": "0"
    }
},
{
    "pk": 71, 
    "model": "planificacion.intervalocronograma", 
    "fields": {
        "fecha_desde": "2014-07-04T13:00:00Z", 
        "maquinacronograma": 77, 
        "tareaproducto": 8, 
        "producto": 1, 
        "fecha_hasta": "2014-07-04T17:00:00Z", 
        "maquina": 2, 
        "pedido": 3, 
        "pedidocronograma": 8, 
        "itempedido": 4, 
        "estado": 1, 
        "cantidad_tarea": "120", 
        "tareamaquina": 3, 
        "cronograma": 7, 
        "tarea": 3, 
        "tiempo_intervalo": "240", 
        "cantidad_tarea_real": "0"
    }
},
{
    "pk": 72, 
    "model": "planificacion.intervalocronograma", 
    "fields": {
        "fecha_desde": "2014-07-07T08:00:00Z", 
        "maquinacronograma": 77, 
        "tareaproducto": 8, 
        "producto": 1, 
        "fecha_hasta": "2014-07-07T10:19:49Z", 
        "maquina": 2, 
        "pedido": 3, 
        "pedidocronograma": 8, 
        "itempedido": 4, 
        "estado": 1, 
        "cantidad_tarea": "69.91", 
        "tareamaquina": 3, 
        "cronograma": 7, 
        "tarea": 3, 
        "tiempo_intervalo": "139.82", 
        "cantidad_tarea_real": "0"
    }
},
{
    "pk": 73, 
    "model": "planificacion.intervalocronograma", 
    "fields": {
        "fecha_desde": "2014-07-04T09:59:59Z", 
        "maquinacronograma": 78, 
        "tareaproducto": 8, 
        "producto": 1, 
        "fecha_hasta": "2014-07-04T11:39:59Z", 
        "maquina": 3, 
        "pedido": 3, 
        "pedidocronograma": 8, 
        "itempedido": 4, 
        "estado": 1, 
        "cantidad_tarea": "50", 
        "tareamaquina": 14, 
        "cronograma": 7, 
        "tarea": 3, 
        "tiempo_intervalo": "100", 
        "cantidad_tarea_real": "0"
    }
},
{
    "pk": 74, 
    "model": "planificacion.intervalocronograma", 
    "fields": {
        "fecha_desde": "2014-07-04T09:59:44Z", 
        "maquinacronograma": 79, 
        "tareaproducto": 11, 
        "producto": 1, 
        "fecha_hasta": "2014-07-04T12:00:00Z", 
        "maquina": 4, 
        "pedido": 3, 
        "pedidocronograma": 8, 
        "itempedido": 4, 
        "estado": 1, 
        "cantidad_tarea": "80.18", 
        "tareamaquina": 4, 
        "cronograma": 7, 
        "tarea": 4, 
        "tiempo_intervalo": "120.27", 
        "cantidad_tarea_real": "0"
    }
},
{
    "pk": 75, 
    "model": "planificacion.intervalocronograma", 
    "fields": {
        "fecha_desde": "2014-07-04T13:15:00Z", 
        "maquinacronograma": 79, 
        "tareaproducto": 11, 
        "producto": 1, 
        "fecha_hasta": "2014-07-04T17:00:00Z", 
        "maquina": 4, 
        "pedido": 3, 
        "pedidocronograma": 8, 
        "itempedido": 4, 
        "estado": 1, 
        "cantidad_tarea": "150", 
        "tareamaquina": 4, 
        "cronograma": 7, 
        "tarea": 4, 
        "tiempo_intervalo": "225", 
        "cantidad_tarea_real": "0"
    }
},
{
    "pk": 76, 
    "model": "planificacion.intervalocronograma", 
    "fields": {
        "fecha_desde": "2014-07-07T08:34:54Z", 
        "maquinacronograma": 79, 
        "tareaproducto": 11, 
        "producto": 1, 
        "fecha_hasta": "2014-07-07T10:19:37Z", 
        "maquina": 4, 
        "pedido": 3, 
        "pedidocronograma": 8, 
        "itempedido": 4, 
        "estado": 1, 
        "cantidad_tarea": "69.82", 
        "tareamaquina": 4, 
        "cronograma": 7, 
        "tarea": 4, 
        "tiempo_intervalo": "104.73", 
        "cantidad_tarea_real": "0"
    }
},
{
    "pk": 77, 
    "model": "planificacion.intervalocronograma", 
    "fields": {
        "fecha_desde": "2014-07-04T15:04:52Z", 
        "maquinacronograma": 80, 
        "tareaproducto": 5, 
        "producto": 1, 
        "fecha_hasta": "2014-07-04T16:59:59Z", 
        "maquina": 5, 
        "pedido": 3, 
        "pedidocronograma": 8, 
        "itempedido": 4, 
        "estado": 1, 
        "cantidad_tarea": "230.27", 
        "tareamaquina": 5, 
        "cronograma": 7, 
        "tarea": 5, 
        "tiempo_intervalo": "115.13", 
        "cantidad_tarea_real": "0"
    }
},
{
    "pk": 78, 
    "model": "planificacion.intervalocronograma", 
    "fields": {
        "fecha_desde": "2014-07-07T09:44:38Z", 
        "maquinacronograma": 80, 
        "tareaproducto": 5, 
        "producto": 1, 
        "fecha_hasta": "2014-07-07T10:19:30Z", 
        "maquina": 5, 
        "pedido": 3, 
        "pedidocronograma": 8, 
        "itempedido": 4, 
        "estado": 1, 
        "cantidad_tarea": "69.73", 
        "tareamaquina": 5, 
        "cronograma": 7, 
        "tarea": 5, 
        "tiempo_intervalo": "34.87", 
        "cantidad_tarea_real": "0"
    }
},
{
    "pk": 79, 
    "model": "planificacion.intervalocronograma", 
    "fields": {
        "fecha_desde": "2014-07-07T09:34:29Z", 
        "maquinacronograma": 84, 
        "tareaproducto": 10, 
        "producto": 1, 
        "fecha_hasta": "2014-07-07T10:19:29Z", 
        "maquina": 9, 
        "pedido": 3, 
        "pedidocronograma": 8, 
        "itempedido": 4, 
        "estado": 1, 
        "cantidad_tarea": "300", 
        "tareamaquina": 9, 
        "cronograma": 7, 
        "tarea": 9, 
        "tiempo_intervalo": "45", 
        "cantidad_tarea_real": "0"
    }
},
{
    "pk": 80, 
    "model": "planificacion.intervalocronograma", 
    "fields": {
        "fecha_desde": "2014-07-07T09:34:24Z", 
        "maquinacronograma": 85, 
        "tareaproducto": 12, 
        "producto": 1, 
        "fecha_hasta": "2014-07-07T12:00:00Z", 
        "maquina": 10, 
        "pedido": 3, 
        "pedidocronograma": 8, 
        "itempedido": 4, 
        "estado": 1, 
        "cantidad_tarea": "145.6", 
        "tareamaquina": 10, 
        "cronograma": 7, 
        "tarea": 10, 
        "tiempo_intervalo": "145.6", 
        "cantidad_tarea_real": "0"
    }
},
{
    "pk": 81, 
    "model": "planificacion.intervalocronograma", 
    "fields": {
        "fecha_desde": "2014-07-07T13:00:00Z", 
        "maquinacronograma": 85, 
        "tareaproducto": 12, 
        "producto": 1, 
        "fecha_hasta": "2014-07-07T15:34:24Z", 
        "maquina": 10, 
        "pedido": 3, 
        "pedidocronograma": 8, 
        "itempedido": 4, 
        "estado": 1, 
        "cantidad_tarea": "154.4", 
        "tareamaquina": 10, 
        "cronograma": 7, 
        "tarea": 10, 
        "tiempo_intervalo": "154.4", 
        "cantidad_tarea_real": "0"
    }
},
{
    "pk": 82, 
    "model": "planificacion.intervalocronograma", 
    "fields": {
        "fecha_desde": "2014-07-07T14:34:19Z", 
        "maquinacronograma": 86, 
        "tareaproducto": 13, 
        "producto": 1, 
        "fecha_hasta": "2014-07-07T15:34:19Z", 
        "maquina": 11, 
        "pedido": 3, 
        "pedidocronograma": 8, 
        "itempedido": 4, 
        "estado": 1, 
        "cantidad_tarea": "300", 
        "tareamaquina": 11, 
        "cronograma": 7, 
        "tarea": 11, 
        "tiempo_intervalo": "60", 
        "cantidad_tarea_real": "0"
    }
},
{
    "pk": 83, 
    "model": "planificacion.intervalocronograma", 
    "fields": {
        "fecha_desde": "2014-07-04T13:00:00Z", 
        "maquinacronograma": 76, 
        "tareaproducto": 21, 
        "producto": 2, 
        "fecha_hasta": "2014-07-04T14:20:00Z", 
        "maquina": 1, 
        "pedido": 3, 
        "pedidocronograma": 8, 
        "itempedido": 5, 
        "estado": 1, 
        "cantidad_tarea": "200", 
        "tareamaquina": 2, 
        "cronograma": 7, 
        "tarea": 2, 
        "tiempo_intervalo": "80", 
        "cantidad_tarea_real": "0"
    }
},
{
    "pk": 84, 
    "model": "planificacion.intervalocronograma", 
    "fields": {
        "fecha_desde": "2014-07-04T10:00:00Z", 
        "maquinacronograma": 81, 
        "tareaproducto": 23, 
        "producto": 2, 
        "fecha_hasta": "2014-07-04T11:20:00Z", 
        "maquina": 6, 
        "pedido": 3, 
        "pedidocronograma": 8, 
        "itempedido": 5, 
        "estado": 1, 
        "cantidad_tarea": "200", 
        "tareamaquina": 6, 
        "cronograma": 7, 
        "tarea": 6, 
        "tiempo_intervalo": "80", 
        "cantidad_tarea_real": "0"
    }
},
{
    "pk": 85, 
    "model": "planificacion.intervalocronograma", 
    "fields": {
        "fecha_desde": "2014-07-04T14:20:01Z", 
        "maquinacronograma": 76, 
        "tareaproducto": 20, 
        "producto": 2, 
        "fecha_hasta": "2014-07-04T15:00:01Z", 
        "maquina": 1, 
        "pedido": 3, 
        "pedidocronograma": 8, 
        "itempedido": 5, 
        "estado": 1, 
        "cantidad_tarea": "200", 
        "tareamaquina": 1, 
        "cronograma": 7, 
        "tarea": 1, 
        "tiempo_intervalo": "40", 
        "cantidad_tarea_real": "0"
    }
},
{
    "pk": 86, 
    "model": "planificacion.intervalocronograma", 
    "fields": {
        "fecha_desde": "2014-07-04T13:00:00Z", 
        "maquinacronograma": 82, 
        "tareaproducto": 22, 
        "producto": 2, 
        "fecha_hasta": "2014-07-04T15:00:00Z", 
        "maquina": 7, 
        "pedido": 3, 
        "pedidocronograma": 8, 
        "itempedido": 5, 
        "estado": 1, 
        "cantidad_tarea": "200", 
        "tareamaquina": 7, 
        "cronograma": 7, 
        "tarea": 7, 
        "tiempo_intervalo": "120", 
        "cantidad_tarea_real": "0"
    }
},
{
    "pk": 87, 
    "model": "planificacion.intervalocronograma", 
    "fields": {
        "fecha_desde": "2014-07-04T14:19:50Z", 
        "maquinacronograma": 78, 
        "tareaproducto": 19, 
        "producto": 2, 
        "fecha_hasta": "2014-07-04T17:00:00Z", 
        "maquina": 3, 
        "pedido": 3, 
        "pedidocronograma": 8, 
        "itempedido": 5, 
        "estado": 1, 
        "cantidad_tarea": "80.08", 
        "tareamaquina": 14, 
        "cronograma": 7, 
        "tarea": 3, 
        "tiempo_intervalo": "160.17", 
        "cantidad_tarea_real": "0"
    }
},
{
    "pk": 88, 
    "model": "planificacion.intervalocronograma", 
    "fields": {
        "fecha_desde": "2014-07-07T08:00:00Z", 
        "maquinacronograma": 78, 
        "tareaproducto": 19, 
        "producto": 2, 
        "fecha_hasta": "2014-07-07T11:59:49Z", 
        "maquina": 3, 
        "pedido": 3, 
        "pedidocronograma": 8, 
        "itempedido": 5, 
        "estado": 1, 
        "cantidad_tarea": "119.92", 
        "tareamaquina": 14, 
        "cronograma": 7, 
        "tarea": 3, 
        "tiempo_intervalo": "239.83", 
        "cantidad_tarea_real": "0"
    }
},
{
    "pk": 89, 
    "model": "planificacion.intervalocronograma", 
    "fields": {
        "fecha_desde": "2014-07-07T13:00:00Z", 
        "maquinacronograma": 79, 
        "tareaproducto": 18, 
        "producto": 2, 
        "fecha_hasta": "2014-07-07T17:00:00Z", 
        "maquina": 4, 
        "pedido": 3, 
        "pedidocronograma": 8, 
        "itempedido": 5, 
        "estado": 1, 
        "cantidad_tarea": "160", 
        "tareamaquina": 4, 
        "cronograma": 7, 
        "tarea": 4, 
        "tiempo_intervalo": "240", 
        "cantidad_tarea_real": "0"
    }
},
{
    "pk": 90, 
    "model": "planificacion.intervalocronograma", 
    "fields": {
        "fecha_desde": "2014-07-08T08:00:00Z", 
        "maquinacronograma": 79, 
        "tareaproducto": 18, 
        "producto": 2, 
        "fecha_hasta": "2014-07-08T09:00:00Z", 
        "maquina": 4, 
        "pedido": 3, 
        "pedidocronograma": 8, 
        "itempedido": 5, 
        "estado": 1, 
        "cantidad_tarea": "40", 
        "tareamaquina": 4, 
        "cronograma": 7, 
        "tarea": 4, 
        "tiempo_intervalo": "60", 
        "cantidad_tarea_real": "0"
    }
},
{
    "pk": 91, 
    "model": "planificacion.intervalocronograma", 
    "fields": {
        "fecha_desde": "2014-07-07T15:39:57Z", 
        "maquinacronograma": 80, 
        "tareaproducto": 17, 
        "producto": 2, 
        "fecha_hasta": "2014-07-07T17:00:00Z", 
        "maquina": 5, 
        "pedido": 3, 
        "pedidocronograma": 8, 
        "itempedido": 5, 
        "estado": 1, 
        "cantidad_tarea": "160.1", 
        "tareamaquina": 5, 
        "cronograma": 7, 
        "tarea": 5, 
        "tiempo_intervalo": "80.05", 
        "cantidad_tarea_real": "0"
    }
},
{
    "pk": 92, 
    "model": "planificacion.intervalocronograma", 
    "fields": {
        "fecha_desde": "2014-07-08T08:39:54Z", 
        "maquinacronograma": 80, 
        "tareaproducto": 17, 
        "producto": 2, 
        "fecha_hasta": "2014-07-08T08:59:51Z", 
        "maquina": 5, 
        "pedido": 3, 
        "pedidocronograma": 8, 
        "itempedido": 5, 
        "estado": 1, 
        "cantidad_tarea": "39.9", 
        "tareamaquina": 5, 
        "cronograma": 7, 
        "tarea": 5, 
        "tiempo_intervalo": "19.95", 
        "cantidad_tarea_real": "0"
    }
},
{
    "pk": 93, 
    "model": "planificacion.intervalocronograma", 
    "fields": {
        "fecha_desde": "2014-07-08T08:29:49Z", 
        "maquinacronograma": 84, 
        "tareaproducto": 16, 
        "producto": 2, 
        "fecha_hasta": "2014-07-08T08:59:49Z", 
        "maquina": 9, 
        "pedido": 3, 
        "pedidocronograma": 8, 
        "itempedido": 5, 
        "estado": 1, 
        "cantidad_tarea": "200", 
        "tareamaquina": 9, 
        "cronograma": 7, 
        "tarea": 9, 
        "tiempo_intervalo": "30", 
        "cantidad_tarea_real": "0"
    }
},
{
    "pk": 94, 
    "model": "planificacion.intervalocronograma", 
    "fields": {
        "fecha_desde": "2014-07-08T08:29:37Z", 
        "maquinacronograma": 85, 
        "tareaproducto": 15, 
        "producto": 2, 
        "fecha_hasta": "2014-07-08T11:59:59Z", 
        "maquina": 10, 
        "pedido": 3, 
        "pedidocronograma": 8, 
        "itempedido": 5, 
        "estado": 1, 
        "cantidad_tarea": "105.19", 
        "tareamaquina": 10, 
        "cronograma": 7, 
        "tarea": 10, 
        "tiempo_intervalo": "210.38", 
        "cantidad_tarea_real": "0"
    }
},
{
    "pk": 95, 
    "model": "planificacion.intervalocronograma", 
    "fields": {
        "fecha_desde": "2014-07-08T13:00:00Z", 
        "maquinacronograma": 85, 
        "tareaproducto": 15, 
        "producto": 2, 
        "fecha_hasta": "2014-07-08T16:09:37Z", 
        "maquina": 10, 
        "pedido": 3, 
        "pedidocronograma": 8, 
        "itempedido": 5, 
        "estado": 1, 
        "cantidad_tarea": "94.81", 
        "tareamaquina": 10, 
        "cronograma": 7, 
        "tarea": 10, 
        "tiempo_intervalo": "189.62", 
        "cantidad_tarea_real": "0"
    }
},
{
    "pk": 96, 
    "model": "planificacion.intervalocronograma", 
    "fields": {
        "fecha_desde": "2014-07-08T15:29:26Z", 
        "maquinacronograma": 86, 
        "tareaproducto": 14, 
        "producto": 2, 
        "fecha_hasta": "2014-07-08T16:09:26Z", 
        "maquina": 11, 
        "pedido": 3, 
        "pedidocronograma": 8, 
        "itempedido": 5, 
        "estado": 1, 
        "cantidad_tarea": "200", 
        "tareamaquina": 11, 
        "cronograma": 7, 
        "tarea": 11, 
        "tiempo_intervalo": "40", 
        "cantidad_tarea_real": "0"
    }
},
{
    "pk": 97, 
    "model": "planificacion.intervalocronograma", 
    "fields": {
        "fecha_desde": "2014-08-04T08:00:00Z", 
        "maquinacronograma": 90, 
        "tareaproducto": 35, 
        "producto": 3, 
        "fecha_hasta": "2014-08-04T12:00:00Z", 
        "maquina": 17, 
        "pedido": 4, 
        "pedidocronograma": 9, 
        "itempedido": 6, 
        "estado": 0, 
        "cantidad_tarea": "1.33", 
        "tareamaquina": 19, 
        "cronograma": 8, 
        "tarea": 18, 
        "tiempo_intervalo": "240", 
        "cantidad_tarea_real": "0"
    }
},
{
    "pk": 98, 
    "model": "planificacion.intervalocronograma", 
    "fields": {
        "fecha_desde": "2014-08-04T13:00:00Z", 
        "maquinacronograma": 90, 
        "tareaproducto": 35, 
        "producto": 3, 
        "fecha_hasta": "2014-08-04T17:00:00Z", 
        "maquina": 17, 
        "pedido": 4, 
        "pedidocronograma": 9, 
        "itempedido": 6, 
        "estado": 0, 
        "cantidad_tarea": "1.33", 
        "tareamaquina": 19, 
        "cronograma": 8, 
        "tarea": 18, 
        "tiempo_intervalo": "240", 
        "cantidad_tarea_real": "0"
    }
},
{
    "pk": 99, 
    "model": "planificacion.intervalocronograma", 
    "fields": {
        "fecha_desde": "2014-08-06T08:00:00Z", 
        "maquinacronograma": 90, 
        "tareaproducto": 35, 
        "producto": 3, 
        "fecha_hasta": "2014-08-06T12:00:00Z", 
        "maquina": 17, 
        "pedido": 4, 
        "pedidocronograma": 9, 
        "itempedido": 6, 
        "estado": 0, 
        "cantidad_tarea": "1.33", 
        "tareamaquina": 19, 
        "cronograma": 8, 
        "tarea": 18, 
        "tiempo_intervalo": "240", 
        "cantidad_tarea_real": "0"
    }
},
{
    "pk": 100, 
    "model": "planificacion.intervalocronograma", 
    "fields": {
        "fecha_desde": "2014-08-06T13:00:00Z", 
        "maquinacronograma": 90, 
        "tareaproducto": 35, 
        "producto": 3, 
        "fecha_hasta": "2014-08-06T17:00:00Z", 
        "maquina": 17, 
        "pedido": 4, 
        "pedidocronograma": 9, 
        "itempedido": 6, 
        "estado": 0, 
        "cantidad_tarea": "1.33", 
        "tareamaquina": 19, 
        "cronograma": 8, 
        "tarea": 18, 
        "tiempo_intervalo": "240", 
        "cantidad_tarea_real": "0"
    }
},
{
    "pk": 101, 
    "model": "planificacion.intervalocronograma", 
    "fields": {
        "fecha_desde": "2014-08-07T08:00:00Z", 
        "maquinacronograma": 90, 
        "tareaproducto": 35, 
        "producto": 3, 
        "fecha_hasta": "2014-08-07T12:00:00Z", 
        "maquina": 17, 
        "pedido": 4, 
        "pedidocronograma": 9, 
        "itempedido": 6, 
        "estado": 0, 
        "cantidad_tarea": "1.33", 
        "tareamaquina": 19, 
        "cronograma": 8, 
        "tarea": 18, 
        "tiempo_intervalo": "240", 
        "cantidad_tarea_real": "0"
    }
},
{
    "pk": 102, 
    "model": "planificacion.intervalocronograma", 
    "fields": {
        "fecha_desde": "2014-08-07T13:00:00Z", 
        "maquinacronograma": 90, 
        "tareaproducto": 35, 
        "producto": 3, 
        "fecha_hasta": "2014-08-07T17:00:00Z", 
        "maquina": 17, 
        "pedido": 4, 
        "pedidocronograma": 9, 
        "itempedido": 6, 
        "estado": 0, 
        "cantidad_tarea": "1.33", 
        "tareamaquina": 19, 
        "cronograma": 8, 
        "tarea": 18, 
        "tiempo_intervalo": "240", 
        "cantidad_tarea_real": "0"
    }
},
{
    "pk": 103, 
    "model": "planificacion.intervalocronograma", 
    "fields": {
        "fecha_desde": "2014-08-08T08:00:00Z", 
        "maquinacronograma": 90, 
        "tareaproducto": 35, 
        "producto": 3, 
        "fecha_hasta": "2014-08-08T12:00:00Z", 
        "maquina": 17, 
        "pedido": 4, 
        "pedidocronograma": 9, 
        "itempedido": 6, 
        "estado": 0, 
        "cantidad_tarea": "1.33", 
        "tareamaquina": 19, 
        "cronograma": 8, 
        "tarea": 18, 
        "tiempo_intervalo": "240", 
        "cantidad_tarea_real": "0"
    }
},
{
    "pk": 104, 
    "model": "planificacion.intervalocronograma", 
    "fields": {
        "fecha_desde": "2014-08-08T13:00:00Z", 
        "maquinacronograma": 90, 
        "tareaproducto": 35, 
        "producto": 3, 
        "fecha_hasta": "2014-08-08T17:00:00Z", 
        "maquina": 17, 
        "pedido": 4, 
        "pedidocronograma": 9, 
        "itempedido": 6, 
        "estado": 0, 
        "cantidad_tarea": "1.33", 
        "tareamaquina": 19, 
        "cronograma": 8, 
        "tarea": 18, 
        "tiempo_intervalo": "240", 
        "cantidad_tarea_real": "0"
    }
},
{
    "pk": 105, 
    "model": "planificacion.intervalocronograma", 
    "fields": {
        "fecha_desde": "2014-08-11T08:00:00Z", 
        "maquinacronograma": 90, 
        "tareaproducto": 35, 
        "producto": 3, 
        "fecha_hasta": "2014-08-11T12:00:00Z", 
        "maquina": 17, 
        "pedido": 4, 
        "pedidocronograma": 9, 
        "itempedido": 6, 
        "estado": 0, 
        "cantidad_tarea": "1.33", 
        "tareamaquina": 19, 
        "cronograma": 8, 
        "tarea": 18, 
        "tiempo_intervalo": "240", 
        "cantidad_tarea_real": "0"
    }
},
{
    "pk": 106, 
    "model": "planificacion.intervalocronograma", 
    "fields": {
        "fecha_desde": "2014-08-11T13:00:00Z", 
        "maquinacronograma": 90, 
        "tareaproducto": 35, 
        "producto": 3, 
        "fecha_hasta": "2014-08-11T17:00:00Z", 
        "maquina": 17, 
        "pedido": 4, 
        "pedidocronograma": 9, 
        "itempedido": 6, 
        "estado": 0, 
        "cantidad_tarea": "1.33", 
        "tareamaquina": 19, 
        "cronograma": 8, 
        "tarea": 18, 
        "tiempo_intervalo": "240", 
        "cantidad_tarea_real": "0"
    }
},
{
    "pk": 107, 
    "model": "planificacion.intervalocronograma", 
    "fields": {
        "fecha_desde": "2014-08-12T08:00:00Z", 
        "maquinacronograma": 90, 
        "tareaproducto": 35, 
        "producto": 3, 
        "fecha_hasta": "2014-08-12T12:00:00Z", 
        "maquina": 17, 
        "pedido": 4, 
        "pedidocronograma": 9, 
        "itempedido": 6, 
        "estado": 0, 
        "cantidad_tarea": "1.33", 
        "tareamaquina": 19, 
        "cronograma": 8, 
        "tarea": 18, 
        "tiempo_intervalo": "240", 
        "cantidad_tarea_real": "0"
    }
},
{
    "pk": 108, 
    "model": "planificacion.intervalocronograma", 
    "fields": {
        "fecha_desde": "2014-08-12T13:00:00Z", 
        "maquinacronograma": 90, 
        "tareaproducto": 35, 
        "producto": 3, 
        "fecha_hasta": "2014-08-12T17:00:00Z", 
        "maquina": 17, 
        "pedido": 4, 
        "pedidocronograma": 9, 
        "itempedido": 6, 
        "estado": 0, 
        "cantidad_tarea": "1.33", 
        "tareamaquina": 19, 
        "cronograma": 8, 
        "tarea": 18, 
        "tiempo_intervalo": "240", 
        "cantidad_tarea_real": "0"
    }
},
{
    "pk": 109, 
    "model": "planificacion.intervalocronograma", 
    "fields": {
        "fecha_desde": "2014-08-13T08:00:00Z", 
        "maquinacronograma": 90, 
        "tareaproducto": 35, 
        "producto": 3, 
        "fecha_hasta": "2014-08-13T12:00:00Z", 
        "maquina": 17, 
        "pedido": 4, 
        "pedidocronograma": 9, 
        "itempedido": 6, 
        "estado": 0, 
        "cantidad_tarea": "1.33", 
        "tareamaquina": 19, 
        "cronograma": 8, 
        "tarea": 18, 
        "tiempo_intervalo": "240", 
        "cantidad_tarea_real": "0"
    }
},
{
    "pk": 110, 
    "model": "planificacion.intervalocronograma", 
    "fields": {
        "fecha_desde": "2014-08-13T13:00:00Z", 
        "maquinacronograma": 90, 
        "tareaproducto": 35, 
        "producto": 3, 
        "fecha_hasta": "2014-08-13T17:00:00Z", 
        "maquina": 17, 
        "pedido": 4, 
        "pedidocronograma": 9, 
        "itempedido": 6, 
        "estado": 0, 
        "cantidad_tarea": "1.33", 
        "tareamaquina": 19, 
        "cronograma": 8, 
        "tarea": 18, 
        "tiempo_intervalo": "240", 
        "cantidad_tarea_real": "0"
    }
},
{
    "pk": 111, 
    "model": "planificacion.intervalocronograma", 
    "fields": {
        "fecha_desde": "2014-08-14T08:00:00Z", 
        "maquinacronograma": 90, 
        "tareaproducto": 35, 
        "producto": 3, 
        "fecha_hasta": "2014-08-14T12:00:00Z", 
        "maquina": 17, 
        "pedido": 4, 
        "pedidocronograma": 9, 
        "itempedido": 6, 
        "estado": 0, 
        "cantidad_tarea": "1.33", 
        "tareamaquina": 19, 
        "cronograma": 8, 
        "tarea": 18, 
        "tiempo_intervalo": "240", 
        "cantidad_tarea_real": "0"
    }
},
{
    "pk": 112, 
    "model": "planificacion.intervalocronograma", 
    "fields": {
        "fecha_desde": "2014-08-14T13:00:00Z", 
        "maquinacronograma": 90, 
        "tareaproducto": 35, 
        "producto": 3, 
        "fecha_hasta": "2014-08-14T17:00:00Z", 
        "maquina": 17, 
        "pedido": 4, 
        "pedidocronograma": 9, 
        "itempedido": 6, 
        "estado": 0, 
        "cantidad_tarea": "1.33", 
        "tareamaquina": 19, 
        "cronograma": 8, 
        "tarea": 18, 
        "tiempo_intervalo": "240", 
        "cantidad_tarea_real": "0"
    }
},
{
    "pk": 113, 
    "model": "planificacion.intervalocronograma", 
    "fields": {
        "fecha_desde": "2014-08-15T08:00:00Z", 
        "maquinacronograma": 90, 
        "tareaproducto": 35, 
        "producto": 3, 
        "fecha_hasta": "2014-08-15T12:00:00Z", 
        "maquina": 17, 
        "pedido": 4, 
        "pedidocronograma": 9, 
        "itempedido": 6, 
        "estado": 0, 
        "cantidad_tarea": "1.33", 
        "tareamaquina": 19, 
        "cronograma": 8, 
        "tarea": 18, 
        "tiempo_intervalo": "240", 
        "cantidad_tarea_real": "0"
    }
},
{
    "pk": 114, 
    "model": "planificacion.intervalocronograma", 
    "fields": {
        "fecha_desde": "2014-08-15T13:00:00Z", 
        "maquinacronograma": 90, 
        "tareaproducto": 35, 
        "producto": 3, 
        "fecha_hasta": "2014-08-15T17:00:00Z", 
        "maquina": 17, 
        "pedido": 4, 
        "pedidocronograma": 9, 
        "itempedido": 6, 
        "estado": 0, 
        "cantidad_tarea": "1.33", 
        "tareamaquina": 19, 
        "cronograma": 8, 
        "tarea": 18, 
        "tiempo_intervalo": "240", 
        "cantidad_tarea_real": "0"
    }
},
{
    "pk": 115, 
    "model": "planificacion.intervalocronograma", 
    "fields": {
        "fecha_desde": "2014-08-18T08:00:00Z", 
        "maquinacronograma": 90, 
        "tareaproducto": 35, 
        "producto": 3, 
        "fecha_hasta": "2014-08-18T12:00:00Z", 
        "maquina": 17, 
        "pedido": 4, 
        "pedidocronograma": 9, 
        "itempedido": 6, 
        "estado": 0, 
        "cantidad_tarea": "1.33", 
        "tareamaquina": 19, 
        "cronograma": 8, 
        "tarea": 18, 
        "tiempo_intervalo": "240", 
        "cantidad_tarea_real": "0"
    }
},
{
    "pk": 116, 
    "model": "planificacion.intervalocronograma", 
    "fields": {
        "fecha_desde": "2014-08-18T13:00:00Z", 
        "maquinacronograma": 90, 
        "tareaproducto": 35, 
        "producto": 3, 
        "fecha_hasta": "2014-08-18T17:00:00Z", 
        "maquina": 17, 
        "pedido": 4, 
        "pedidocronograma": 9, 
        "itempedido": 6, 
        "estado": 0, 
        "cantidad_tarea": "1.33", 
        "tareamaquina": 19, 
        "cronograma": 8, 
        "tarea": 18, 
        "tiempo_intervalo": "240", 
        "cantidad_tarea_real": "0"
    }
},
{
    "pk": 117, 
    "model": "planificacion.intervalocronograma", 
    "fields": {
        "fecha_desde": "2014-08-19T08:00:00Z", 
        "maquinacronograma": 90, 
        "tareaproducto": 35, 
        "producto": 3, 
        "fecha_hasta": "2014-08-19T12:00:00Z", 
        "maquina": 17, 
        "pedido": 4, 
        "pedidocronograma": 9, 
        "itempedido": 6, 
        "estado": 0, 
        "cantidad_tarea": "1.33", 
        "tareamaquina": 19, 
        "cronograma": 8, 
        "tarea": 18, 
        "tiempo_intervalo": "240", 
        "cantidad_tarea_real": "0"
    }
},
{
    "pk": 118, 
    "model": "planificacion.intervalocronograma", 
    "fields": {
        "fecha_desde": "2014-08-19T13:00:00Z", 
        "maquinacronograma": 90, 
        "tareaproducto": 35, 
        "producto": 3, 
        "fecha_hasta": "2014-08-19T17:00:00Z", 
        "maquina": 17, 
        "pedido": 4, 
        "pedidocronograma": 9, 
        "itempedido": 6, 
        "estado": 0, 
        "cantidad_tarea": "1.33", 
        "tareamaquina": 19, 
        "cronograma": 8, 
        "tarea": 18, 
        "tiempo_intervalo": "240", 
        "cantidad_tarea_real": "0"
    }
},
{
    "pk": 119, 
    "model": "planificacion.intervalocronograma", 
    "fields": {
        "fecha_desde": "2014-08-20T08:00:00Z", 
        "maquinacronograma": 90, 
        "tareaproducto": 35, 
        "producto": 3, 
        "fecha_hasta": "2014-08-20T12:00:00Z", 
        "maquina": 17, 
        "pedido": 4, 
        "pedidocronograma": 9, 
        "itempedido": 6, 
        "estado": 0, 
        "cantidad_tarea": "1.33", 
        "tareamaquina": 19, 
        "cronograma": 8, 
        "tarea": 18, 
        "tiempo_intervalo": "240", 
        "cantidad_tarea_real": "0"
    }
},
{
    "pk": 120, 
    "model": "planificacion.intervalocronograma", 
    "fields": {
        "fecha_desde": "2014-08-20T13:00:00Z", 
        "maquinacronograma": 90, 
        "tareaproducto": 35, 
        "producto": 3, 
        "fecha_hasta": "2014-08-20T17:00:00Z", 
        "maquina": 17, 
        "pedido": 4, 
        "pedidocronograma": 9, 
        "itempedido": 6, 
        "estado": 0, 
        "cantidad_tarea": "1.33", 
        "tareamaquina": 19, 
        "cronograma": 8, 
        "tarea": 18, 
        "tiempo_intervalo": "240", 
        "cantidad_tarea_real": "0"
    }
},
{
    "pk": 121, 
    "model": "planificacion.intervalocronograma", 
    "fields": {
        "fecha_desde": "2014-08-21T08:00:00Z", 
        "maquinacronograma": 90, 
        "tareaproducto": 35, 
        "producto": 3, 
        "fecha_hasta": "2014-08-21T12:00:00Z", 
        "maquina": 17, 
        "pedido": 4, 
        "pedidocronograma": 9, 
        "itempedido": 6, 
        "estado": 0, 
        "cantidad_tarea": "1.33", 
        "tareamaquina": 19, 
        "cronograma": 8, 
        "tarea": 18, 
        "tiempo_intervalo": "240", 
        "cantidad_tarea_real": "0"
    }
},
{
    "pk": 122, 
    "model": "planificacion.intervalocronograma", 
    "fields": {
        "fecha_desde": "2014-08-21T13:00:00Z", 
        "maquinacronograma": 90, 
        "tareaproducto": 35, 
        "producto": 3, 
        "fecha_hasta": "2014-08-21T17:00:00Z", 
        "maquina": 17, 
        "pedido": 4, 
        "pedidocronograma": 9, 
        "itempedido": 6, 
        "estado": 0, 
        "cantidad_tarea": "1.33", 
        "tareamaquina": 19, 
        "cronograma": 8, 
        "tarea": 18, 
        "tiempo_intervalo": "240", 
        "cantidad_tarea_real": "0"
    }
},
{
    "pk": 123, 
    "model": "planificacion.intervalocronograma", 
    "fields": {
        "fecha_desde": "2014-08-22T08:00:00Z", 
        "maquinacronograma": 90, 
        "tareaproducto": 35, 
        "producto": 3, 
        "fecha_hasta": "2014-08-22T12:00:00Z", 
        "maquina": 17, 
        "pedido": 4, 
        "pedidocronograma": 9, 
        "itempedido": 6, 
        "estado": 0, 
        "cantidad_tarea": "1.33", 
        "tareamaquina": 19, 
        "cronograma": 8, 
        "tarea": 18, 
        "tiempo_intervalo": "240", 
        "cantidad_tarea_real": "0"
    }
},
{
    "pk": 124, 
    "model": "planificacion.intervalocronograma", 
    "fields": {
        "fecha_desde": "2014-08-22T13:00:00Z", 
        "maquinacronograma": 90, 
        "tareaproducto": 35, 
        "producto": 3, 
        "fecha_hasta": "2014-08-22T17:00:00Z", 
        "maquina": 17, 
        "pedido": 4, 
        "pedidocronograma": 9, 
        "itempedido": 6, 
        "estado": 0, 
        "cantidad_tarea": "1.33", 
        "tareamaquina": 19, 
        "cronograma": 8, 
        "tarea": 18, 
        "tiempo_intervalo": "240", 
        "cantidad_tarea_real": "0"
    }
},
{
    "pk": 125, 
    "model": "planificacion.intervalocronograma", 
    "fields": {
        "fecha_desde": "2014-08-25T08:00:00Z", 
        "maquinacronograma": 90, 
        "tareaproducto": 35, 
        "producto": 3, 
        "fecha_hasta": "2014-08-25T12:00:00Z", 
        "maquina": 17, 
        "pedido": 4, 
        "pedidocronograma": 9, 
        "itempedido": 6, 
        "estado": 0, 
        "cantidad_tarea": "1.33", 
        "tareamaquina": 19, 
        "cronograma": 8, 
        "tarea": 18, 
        "tiempo_intervalo": "240", 
        "cantidad_tarea_real": "0"
    }
},
{
    "pk": 126, 
    "model": "planificacion.intervalocronograma", 
    "fields": {
        "fecha_desde": "2014-08-25T13:00:00Z", 
        "maquinacronograma": 90, 
        "tareaproducto": 35, 
        "producto": 3, 
        "fecha_hasta": "2014-08-25T17:00:00Z", 
        "maquina": 17, 
        "pedido": 4, 
        "pedidocronograma": 9, 
        "itempedido": 6, 
        "estado": 0, 
        "cantidad_tarea": "1.33", 
        "tareamaquina": 19, 
        "cronograma": 8, 
        "tarea": 18, 
        "tiempo_intervalo": "240", 
        "cantidad_tarea_real": "0"
    }
},
{
    "pk": 127, 
    "model": "planificacion.intervalocronograma", 
    "fields": {
        "fecha_desde": "2014-08-26T08:00:00Z", 
        "maquinacronograma": 90, 
        "tareaproducto": 35, 
        "producto": 3, 
        "fecha_hasta": "2014-08-26T12:00:00Z", 
        "maquina": 17, 
        "pedido": 4, 
        "pedidocronograma": 9, 
        "itempedido": 6, 
        "estado": 0, 
        "cantidad_tarea": "1.33", 
        "tareamaquina": 19, 
        "cronograma": 8, 
        "tarea": 18, 
        "tiempo_intervalo": "240", 
        "cantidad_tarea_real": "0"
    }
},
{
    "pk": 128, 
    "model": "planificacion.intervalocronograma", 
    "fields": {
        "fecha_desde": "2014-08-26T13:00:00Z", 
        "maquinacronograma": 90, 
        "tareaproducto": 35, 
        "producto": 3, 
        "fecha_hasta": "2014-08-26T17:00:00Z", 
        "maquina": 17, 
        "pedido": 4, 
        "pedidocronograma": 9, 
        "itempedido": 6, 
        "estado": 0, 
        "cantidad_tarea": "1.33", 
        "tareamaquina": 19, 
        "cronograma": 8, 
        "tarea": 18, 
        "tiempo_intervalo": "240", 
        "cantidad_tarea_real": "0"
    }
},
{
    "pk": 129, 
    "model": "planificacion.intervalocronograma", 
    "fields": {
        "fecha_desde": "2014-08-27T08:00:00Z", 
        "maquinacronograma": 90, 
        "tareaproducto": 35, 
        "producto": 3, 
        "fecha_hasta": "2014-08-27T12:00:00Z", 
        "maquina": 17, 
        "pedido": 4, 
        "pedidocronograma": 9, 
        "itempedido": 6, 
        "estado": 0, 
        "cantidad_tarea": "1.33", 
        "tareamaquina": 19, 
        "cronograma": 8, 
        "tarea": 18, 
        "tiempo_intervalo": "240", 
        "cantidad_tarea_real": "0"
    }
},
{
    "pk": 130, 
    "model": "planificacion.intervalocronograma", 
    "fields": {
        "fecha_desde": "2014-08-27T13:00:00Z", 
        "maquinacronograma": 90, 
        "tareaproducto": 35, 
        "producto": 3, 
        "fecha_hasta": "2014-08-27T17:00:00Z", 
        "maquina": 17, 
        "pedido": 4, 
        "pedidocronograma": 9, 
        "itempedido": 6, 
        "estado": 0, 
        "cantidad_tarea": "1.33", 
        "tareamaquina": 19, 
        "cronograma": 8, 
        "tarea": 18, 
        "tiempo_intervalo": "240", 
        "cantidad_tarea_real": "0"
    }
},
{
    "pk": 131, 
    "model": "planificacion.intervalocronograma", 
    "fields": {
        "fecha_desde": "2014-08-28T08:00:00Z", 
        "maquinacronograma": 90, 
        "tareaproducto": 35, 
        "producto": 3, 
        "fecha_hasta": "2014-08-28T12:00:00Z", 
        "maquina": 17, 
        "pedido": 4, 
        "pedidocronograma": 9, 
        "itempedido": 6, 
        "estado": 0, 
        "cantidad_tarea": "1.33", 
        "tareamaquina": 19, 
        "cronograma": 8, 
        "tarea": 18, 
        "tiempo_intervalo": "240", 
        "cantidad_tarea_real": "0"
    }
},
{
    "pk": 132, 
    "model": "planificacion.intervalocronograma", 
    "fields": {
        "fecha_desde": "2014-08-28T13:00:00Z", 
        "maquinacronograma": 90, 
        "tareaproducto": 35, 
        "producto": 3, 
        "fecha_hasta": "2014-08-28T17:00:00Z", 
        "maquina": 17, 
        "pedido": 4, 
        "pedidocronograma": 9, 
        "itempedido": 6, 
        "estado": 0, 
        "cantidad_tarea": "1.33", 
        "tareamaquina": 19, 
        "cronograma": 8, 
        "tarea": 18, 
        "tiempo_intervalo": "240", 
        "cantidad_tarea_real": "0"
    }
},
{
    "pk": 133, 
    "model": "planificacion.intervalocronograma", 
    "fields": {
        "fecha_desde": "2014-08-29T08:00:00Z", 
        "maquinacronograma": 90, 
        "tareaproducto": 35, 
        "producto": 3, 
        "fecha_hasta": "2014-08-29T12:00:00Z", 
        "maquina": 17, 
        "pedido": 4, 
        "pedidocronograma": 9, 
        "itempedido": 6, 
        "estado": 0, 
        "cantidad_tarea": "1.33", 
        "tareamaquina": 19, 
        "cronograma": 8, 
        "tarea": 18, 
        "tiempo_intervalo": "240", 
        "cantidad_tarea_real": "0"
    }
},
{
    "pk": 134, 
    "model": "planificacion.intervalocronograma", 
    "fields": {
        "fecha_desde": "2014-08-29T13:00:00Z", 
        "maquinacronograma": 90, 
        "tareaproducto": 35, 
        "producto": 3, 
        "fecha_hasta": "2014-08-29T17:00:00Z", 
        "maquina": 17, 
        "pedido": 4, 
        "pedidocronograma": 9, 
        "itempedido": 6, 
        "estado": 0, 
        "cantidad_tarea": "1.33", 
        "tareamaquina": 19, 
        "cronograma": 8, 
        "tarea": 18, 
        "tiempo_intervalo": "240", 
        "cantidad_tarea_real": "0"
    }
},
{
    "pk": 135, 
    "model": "planificacion.intervalocronograma", 
    "fields": {
        "fecha_desde": "2014-09-01T08:00:00Z", 
        "maquinacronograma": 90, 
        "tareaproducto": 35, 
        "producto": 3, 
        "fecha_hasta": "2014-09-01T12:00:00Z", 
        "maquina": 17, 
        "pedido": 4, 
        "pedidocronograma": 9, 
        "itempedido": 6, 
        "estado": 0, 
        "cantidad_tarea": "1.33", 
        "tareamaquina": 19, 
        "cronograma": 8, 
        "tarea": 18, 
        "tiempo_intervalo": "240", 
        "cantidad_tarea_real": "0"
    }
},
{
    "pk": 136, 
    "model": "planificacion.intervalocronograma", 
    "fields": {
        "fecha_desde": "2014-09-01T13:00:00Z", 
        "maquinacronograma": 90, 
        "tareaproducto": 35, 
        "producto": 3, 
        "fecha_hasta": "2014-09-01T17:00:00Z", 
        "maquina": 17, 
        "pedido": 4, 
        "pedidocronograma": 9, 
        "itempedido": 6, 
        "estado": 0, 
        "cantidad_tarea": "1.33", 
        "tareamaquina": 19, 
        "cronograma": 8, 
        "tarea": 18, 
        "tiempo_intervalo": "240", 
        "cantidad_tarea_real": "0"
    }
},
{
    "pk": 137, 
    "model": "planificacion.intervalocronograma", 
    "fields": {
        "fecha_desde": "2014-09-02T08:00:00Z", 
        "maquinacronograma": 90, 
        "tareaproducto": 35, 
        "producto": 3, 
        "fecha_hasta": "2014-09-02T12:00:00Z", 
        "maquina": 17, 
        "pedido": 4, 
        "pedidocronograma": 9, 
        "itempedido": 6, 
        "estado": 0, 
        "cantidad_tarea": "1.33", 
        "tareamaquina": 19, 
        "cronograma": 8, 
        "tarea": 18, 
        "tiempo_intervalo": "240", 
        "cantidad_tarea_real": "0"
    }
},
{
    "pk": 138, 
    "model": "planificacion.intervalocronograma", 
    "fields": {
        "fecha_desde": "2014-09-02T13:00:00Z", 
        "maquinacronograma": 90, 
        "tareaproducto": 35, 
        "producto": 3, 
        "fecha_hasta": "2014-09-02T17:00:00Z", 
        "maquina": 17, 
        "pedido": 4, 
        "pedidocronograma": 9, 
        "itempedido": 6, 
        "estado": 0, 
        "cantidad_tarea": "1.33", 
        "tareamaquina": 19, 
        "cronograma": 8, 
        "tarea": 18, 
        "tiempo_intervalo": "240", 
        "cantidad_tarea_real": "0"
    }
},
{
    "pk": 139, 
    "model": "planificacion.intervalocronograma", 
    "fields": {
        "fecha_desde": "2014-09-03T08:00:00Z", 
        "maquinacronograma": 90, 
        "tareaproducto": 35, 
        "producto": 3, 
        "fecha_hasta": "2014-09-03T12:00:00Z", 
        "maquina": 17, 
        "pedido": 4, 
        "pedidocronograma": 9, 
        "itempedido": 6, 
        "estado": 0, 
        "cantidad_tarea": "1.33", 
        "tareamaquina": 19, 
        "cronograma": 8, 
        "tarea": 18, 
        "tiempo_intervalo": "240", 
        "cantidad_tarea_real": "0"
    }
},
{
    "pk": 140, 
    "model": "planificacion.intervalocronograma", 
    "fields": {
        "fecha_desde": "2014-09-03T13:00:00Z", 
        "maquinacronograma": 90, 
        "tareaproducto": 35, 
        "producto": 3, 
        "fecha_hasta": "2014-09-03T17:00:00Z", 
        "maquina": 17, 
        "pedido": 4, 
        "pedidocronograma": 9, 
        "itempedido": 6, 
        "estado": 0, 
        "cantidad_tarea": "1.33", 
        "tareamaquina": 19, 
        "cronograma": 8, 
        "tarea": 18, 
        "tiempo_intervalo": "240", 
        "cantidad_tarea_real": "0"
    }
},
{
    "pk": 141, 
    "model": "planificacion.intervalocronograma", 
    "fields": {
        "fecha_desde": "2014-09-04T08:00:00Z", 
        "maquinacronograma": 90, 
        "tareaproducto": 35, 
        "producto": 3, 
        "fecha_hasta": "2014-09-04T12:00:00Z", 
        "maquina": 17, 
        "pedido": 4, 
        "pedidocronograma": 9, 
        "itempedido": 6, 
        "estado": 0, 
        "cantidad_tarea": "1.33", 
        "tareamaquina": 19, 
        "cronograma": 8, 
        "tarea": 18, 
        "tiempo_intervalo": "240", 
        "cantidad_tarea_real": "0"
    }
},
{
    "pk": 142, 
    "model": "planificacion.intervalocronograma", 
    "fields": {
        "fecha_desde": "2014-09-04T13:00:00Z", 
        "maquinacronograma": 90, 
        "tareaproducto": 36, 
        "producto": 3, 
        "fecha_hasta": "2014-09-04T17:00:00Z", 
        "maquina": 17, 
        "pedido": 4, 
        "pedidocronograma": 9, 
        "itempedido": 6, 
        "estado": 0, 
        "cantidad_tarea": "2.67", 
        "tareamaquina": 20, 
        "cronograma": 8, 
        "tarea": 19, 
        "tiempo_intervalo": "240", 
        "cantidad_tarea_real": "0"
    }
},
{
    "pk": 143, 
    "model": "planificacion.intervalocronograma", 
    "fields": {
        "fecha_desde": "2014-09-05T08:00:00Z", 
        "maquinacronograma": 90, 
        "tareaproducto": 36, 
        "producto": 3, 
        "fecha_hasta": "2014-09-05T12:00:00Z", 
        "maquina": 17, 
        "pedido": 4, 
        "pedidocronograma": 9, 
        "itempedido": 6, 
        "estado": 0, 
        "cantidad_tarea": "2.67", 
        "tareamaquina": 20, 
        "cronograma": 8, 
        "tarea": 19, 
        "tiempo_intervalo": "240", 
        "cantidad_tarea_real": "0"
    }
},
{
    "pk": 144, 
    "model": "planificacion.intervalocronograma", 
    "fields": {
        "fecha_desde": "2014-09-05T13:00:00Z", 
        "maquinacronograma": 90, 
        "tareaproducto": 36, 
        "producto": 3, 
        "fecha_hasta": "2014-09-05T17:00:00Z", 
        "maquina": 17, 
        "pedido": 4, 
        "pedidocronograma": 9, 
        "itempedido": 6, 
        "estado": 0, 
        "cantidad_tarea": "2.67", 
        "tareamaquina": 20, 
        "cronograma": 8, 
        "tarea": 19, 
        "tiempo_intervalo": "240", 
        "cantidad_tarea_real": "0"
    }
},
{
    "pk": 145, 
    "model": "planificacion.intervalocronograma", 
    "fields": {
        "fecha_desde": "2014-09-08T08:00:00Z", 
        "maquinacronograma": 90, 
        "tareaproducto": 36, 
        "producto": 3, 
        "fecha_hasta": "2014-09-08T12:00:00Z", 
        "maquina": 17, 
        "pedido": 4, 
        "pedidocronograma": 9, 
        "itempedido": 6, 
        "estado": 0, 
        "cantidad_tarea": "2.67", 
        "tareamaquina": 20, 
        "cronograma": 8, 
        "tarea": 19, 
        "tiempo_intervalo": "240", 
        "cantidad_tarea_real": "0"
    }
},
{
    "pk": 146, 
    "model": "planificacion.intervalocronograma", 
    "fields": {
        "fecha_desde": "2014-09-08T13:00:00Z", 
        "maquinacronograma": 90, 
        "tareaproducto": 36, 
        "producto": 3, 
        "fecha_hasta": "2014-09-08T17:00:00Z", 
        "maquina": 17, 
        "pedido": 4, 
        "pedidocronograma": 9, 
        "itempedido": 6, 
        "estado": 0, 
        "cantidad_tarea": "2.67", 
        "tareamaquina": 20, 
        "cronograma": 8, 
        "tarea": 19, 
        "tiempo_intervalo": "240", 
        "cantidad_tarea_real": "0"
    }
},
{
    "pk": 147, 
    "model": "planificacion.intervalocronograma", 
    "fields": {
        "fecha_desde": "2014-09-09T08:00:00Z", 
        "maquinacronograma": 90, 
        "tareaproducto": 36, 
        "producto": 3, 
        "fecha_hasta": "2014-09-09T12:00:00Z", 
        "maquina": 17, 
        "pedido": 4, 
        "pedidocronograma": 9, 
        "itempedido": 6, 
        "estado": 0, 
        "cantidad_tarea": "2.67", 
        "tareamaquina": 20, 
        "cronograma": 8, 
        "tarea": 19, 
        "tiempo_intervalo": "240", 
        "cantidad_tarea_real": "0"
    }
},
{
    "pk": 148, 
    "model": "planificacion.intervalocronograma", 
    "fields": {
        "fecha_desde": "2014-09-09T13:00:00Z", 
        "maquinacronograma": 90, 
        "tareaproducto": 36, 
        "producto": 3, 
        "fecha_hasta": "2014-09-09T17:00:00Z", 
        "maquina": 17, 
        "pedido": 4, 
        "pedidocronograma": 9, 
        "itempedido": 6, 
        "estado": 0, 
        "cantidad_tarea": "2.67", 
        "tareamaquina": 20, 
        "cronograma": 8, 
        "tarea": 19, 
        "tiempo_intervalo": "240", 
        "cantidad_tarea_real": "0"
    }
},
{
    "pk": 149, 
    "model": "planificacion.intervalocronograma", 
    "fields": {
        "fecha_desde": "2014-09-10T08:00:00Z", 
        "maquinacronograma": 90, 
        "tareaproducto": 36, 
        "producto": 3, 
        "fecha_hasta": "2014-09-10T12:00:00Z", 
        "maquina": 17, 
        "pedido": 4, 
        "pedidocronograma": 9, 
        "itempedido": 6, 
        "estado": 0, 
        "cantidad_tarea": "2.67", 
        "tareamaquina": 20, 
        "cronograma": 8, 
        "tarea": 19, 
        "tiempo_intervalo": "240", 
        "cantidad_tarea_real": "0"
    }
},
{
    "pk": 150, 
    "model": "planificacion.intervalocronograma", 
    "fields": {
        "fecha_desde": "2014-09-10T13:00:00Z", 
        "maquinacronograma": 90, 
        "tareaproducto": 36, 
        "producto": 3, 
        "fecha_hasta": "2014-09-10T17:00:00Z", 
        "maquina": 17, 
        "pedido": 4, 
        "pedidocronograma": 9, 
        "itempedido": 6, 
        "estado": 0, 
        "cantidad_tarea": "2.67", 
        "tareamaquina": 20, 
        "cronograma": 8, 
        "tarea": 19, 
        "tiempo_intervalo": "240", 
        "cantidad_tarea_real": "0"
    }
},
{
    "pk": 151, 
    "model": "planificacion.intervalocronograma", 
    "fields": {
        "fecha_desde": "2014-09-11T08:00:00Z", 
        "maquinacronograma": 90, 
        "tareaproducto": 36, 
        "producto": 3, 
        "fecha_hasta": "2014-09-11T12:00:00Z", 
        "maquina": 17, 
        "pedido": 4, 
        "pedidocronograma": 9, 
        "itempedido": 6, 
        "estado": 0, 
        "cantidad_tarea": "2.67", 
        "tareamaquina": 20, 
        "cronograma": 8, 
        "tarea": 19, 
        "tiempo_intervalo": "240", 
        "cantidad_tarea_real": "0"
    }
},
{
    "pk": 152, 
    "model": "planificacion.intervalocronograma", 
    "fields": {
        "fecha_desde": "2014-09-11T13:00:00Z", 
        "maquinacronograma": 90, 
        "tareaproducto": 36, 
        "producto": 3, 
        "fecha_hasta": "2014-09-11T17:00:00Z", 
        "maquina": 17, 
        "pedido": 4, 
        "pedidocronograma": 9, 
        "itempedido": 6, 
        "estado": 0, 
        "cantidad_tarea": "2.67", 
        "tareamaquina": 20, 
        "cronograma": 8, 
        "tarea": 19, 
        "tiempo_intervalo": "240", 
        "cantidad_tarea_real": "0"
    }
},
{
    "pk": 153, 
    "model": "planificacion.intervalocronograma", 
    "fields": {
        "fecha_desde": "2014-09-12T08:00:00Z", 
        "maquinacronograma": 90, 
        "tareaproducto": 36, 
        "producto": 3, 
        "fecha_hasta": "2014-09-12T12:00:00Z", 
        "maquina": 17, 
        "pedido": 4, 
        "pedidocronograma": 9, 
        "itempedido": 6, 
        "estado": 0, 
        "cantidad_tarea": "2.67", 
        "tareamaquina": 20, 
        "cronograma": 8, 
        "tarea": 19, 
        "tiempo_intervalo": "240", 
        "cantidad_tarea_real": "0"
    }
},
{
    "pk": 154, 
    "model": "planificacion.intervalocronograma", 
    "fields": {
        "fecha_desde": "2014-09-12T13:00:00Z", 
        "maquinacronograma": 90, 
        "tareaproducto": 36, 
        "producto": 3, 
        "fecha_hasta": "2014-09-12T17:00:00Z", 
        "maquina": 17, 
        "pedido": 4, 
        "pedidocronograma": 9, 
        "itempedido": 6, 
        "estado": 0, 
        "cantidad_tarea": "2.67", 
        "tareamaquina": 20, 
        "cronograma": 8, 
        "tarea": 19, 
        "tiempo_intervalo": "240", 
        "cantidad_tarea_real": "0"
    }
},
{
    "pk": 155, 
    "model": "planificacion.intervalocronograma", 
    "fields": {
        "fecha_desde": "2014-09-15T08:00:00Z", 
        "maquinacronograma": 90, 
        "tareaproducto": 36, 
        "producto": 3, 
        "fecha_hasta": "2014-09-15T12:00:00Z", 
        "maquina": 17, 
        "pedido": 4, 
        "pedidocronograma": 9, 
        "itempedido": 6, 
        "estado": 0, 
        "cantidad_tarea": "2.67", 
        "tareamaquina": 20, 
        "cronograma": 8, 
        "tarea": 19, 
        "tiempo_intervalo": "240", 
        "cantidad_tarea_real": "0"
    }
},
{
    "pk": 156, 
    "model": "planificacion.intervalocronograma", 
    "fields": {
        "fecha_desde": "2014-09-15T13:00:00Z", 
        "maquinacronograma": 90, 
        "tareaproducto": 36, 
        "producto": 3, 
        "fecha_hasta": "2014-09-15T17:00:00Z", 
        "maquina": 17, 
        "pedido": 4, 
        "pedidocronograma": 9, 
        "itempedido": 6, 
        "estado": 0, 
        "cantidad_tarea": "2.67", 
        "tareamaquina": 20, 
        "cronograma": 8, 
        "tarea": 19, 
        "tiempo_intervalo": "240", 
        "cantidad_tarea_real": "0"
    }
},
{
    "pk": 157, 
    "model": "planificacion.intervalocronograma", 
    "fields": {
        "fecha_desde": "2014-09-16T08:00:00Z", 
        "maquinacronograma": 90, 
        "tareaproducto": 36, 
        "producto": 3, 
        "fecha_hasta": "2014-09-16T12:00:00Z", 
        "maquina": 17, 
        "pedido": 4, 
        "pedidocronograma": 9, 
        "itempedido": 6, 
        "estado": 0, 
        "cantidad_tarea": "2.67", 
        "tareamaquina": 20, 
        "cronograma": 8, 
        "tarea": 19, 
        "tiempo_intervalo": "240", 
        "cantidad_tarea_real": "0"
    }
},
{
    "pk": 158, 
    "model": "planificacion.intervalocronograma", 
    "fields": {
        "fecha_desde": "2014-09-16T13:00:00Z", 
        "maquinacronograma": 90, 
        "tareaproducto": 36, 
        "producto": 3, 
        "fecha_hasta": "2014-09-16T17:00:00Z", 
        "maquina": 17, 
        "pedido": 4, 
        "pedidocronograma": 9, 
        "itempedido": 6, 
        "estado": 0, 
        "cantidad_tarea": "2.67", 
        "tareamaquina": 20, 
        "cronograma": 8, 
        "tarea": 19, 
        "tiempo_intervalo": "240", 
        "cantidad_tarea_real": "0"
    }
},
{
    "pk": 159, 
    "model": "planificacion.intervalocronograma", 
    "fields": {
        "fecha_desde": "2014-09-17T08:00:00Z", 
        "maquinacronograma": 90, 
        "tareaproducto": 36, 
        "producto": 3, 
        "fecha_hasta": "2014-09-17T12:00:00Z", 
        "maquina": 17, 
        "pedido": 4, 
        "pedidocronograma": 9, 
        "itempedido": 6, 
        "estado": 0, 
        "cantidad_tarea": "2.67", 
        "tareamaquina": 20, 
        "cronograma": 8, 
        "tarea": 19, 
        "tiempo_intervalo": "240", 
        "cantidad_tarea_real": "0"
    }
},
{
    "pk": 160, 
    "model": "planificacion.intervalocronograma", 
    "fields": {
        "fecha_desde": "2014-09-17T13:00:00Z", 
        "maquinacronograma": 90, 
        "tareaproducto": 36, 
        "producto": 3, 
        "fecha_hasta": "2014-09-17T17:00:00Z", 
        "maquina": 17, 
        "pedido": 4, 
        "pedidocronograma": 9, 
        "itempedido": 6, 
        "estado": 0, 
        "cantidad_tarea": "2.67", 
        "tareamaquina": 20, 
        "cronograma": 8, 
        "tarea": 19, 
        "tiempo_intervalo": "240", 
        "cantidad_tarea_real": "0"
    }
},
{
    "pk": 161, 
    "model": "planificacion.intervalocronograma", 
    "fields": {
        "fecha_desde": "2014-09-18T08:00:00Z", 
        "maquinacronograma": 90, 
        "tareaproducto": 36, 
        "producto": 3, 
        "fecha_hasta": "2014-09-18T12:00:00Z", 
        "maquina": 17, 
        "pedido": 4, 
        "pedidocronograma": 9, 
        "itempedido": 6, 
        "estado": 0, 
        "cantidad_tarea": "2.67", 
        "tareamaquina": 20, 
        "cronograma": 8, 
        "tarea": 19, 
        "tiempo_intervalo": "240", 
        "cantidad_tarea_real": "0"
    }
},
{
    "pk": 162, 
    "model": "planificacion.intervalocronograma", 
    "fields": {
        "fecha_desde": "2014-09-18T13:00:00Z", 
        "maquinacronograma": 90, 
        "tareaproducto": 36, 
        "producto": 3, 
        "fecha_hasta": "2014-09-18T17:00:00Z", 
        "maquina": 17, 
        "pedido": 4, 
        "pedidocronograma": 9, 
        "itempedido": 6, 
        "estado": 0, 
        "cantidad_tarea": "2.67", 
        "tareamaquina": 20, 
        "cronograma": 8, 
        "tarea": 19, 
        "tiempo_intervalo": "240", 
        "cantidad_tarea_real": "0"
    }
},
{
    "pk": 163, 
    "model": "planificacion.intervalocronograma", 
    "fields": {
        "fecha_desde": "2014-09-19T08:00:00Z", 
        "maquinacronograma": 90, 
        "tareaproducto": 36, 
        "producto": 3, 
        "fecha_hasta": "2014-09-19T12:00:00Z", 
        "maquina": 17, 
        "pedido": 4, 
        "pedidocronograma": 9, 
        "itempedido": 6, 
        "estado": 0, 
        "cantidad_tarea": "2.67", 
        "tareamaquina": 20, 
        "cronograma": 8, 
        "tarea": 19, 
        "tiempo_intervalo": "240", 
        "cantidad_tarea_real": "0"
    }
},
{
    "pk": 164, 
    "model": "planificacion.intervalocronograma", 
    "fields": {
        "fecha_desde": "2014-09-19T13:00:00Z", 
        "maquinacronograma": 90, 
        "tareaproducto": 36, 
        "producto": 3, 
        "fecha_hasta": "2014-09-19T15:00:00Z", 
        "maquina": 17, 
        "pedido": 4, 
        "pedidocronograma": 9, 
        "itempedido": 6, 
        "estado": 0, 
        "cantidad_tarea": "1.33", 
        "tareamaquina": 20, 
        "cronograma": 8, 
        "tarea": 19, 
        "tiempo_intervalo": "120", 
        "cantidad_tarea_real": "0"
    }
},
{
    "pk": 165, 
    "model": "planificacion.intervalocronograma", 
    "fields": {
        "fecha_desde": "2014-08-04T08:00:00Z", 
        "maquinacronograma": 92, 
        "tareaproducto": 37, 
        "producto": 3, 
        "fecha_hasta": "2014-08-04T12:00:00Z", 
        "maquina": 15, 
        "pedido": 4, 
        "pedidocronograma": 9, 
        "itempedido": 6, 
        "estado": 0, 
        "cantidad_tarea": "2.67", 
        "tareamaquina": 16, 
        "cronograma": 8, 
        "tarea": 15, 
        "tiempo_intervalo": "240", 
        "cantidad_tarea_real": "0"
    }
},
{
    "pk": 166, 
    "model": "planificacion.intervalocronograma", 
    "fields": {
        "fecha_desde": "2014-08-04T13:00:00Z", 
        "maquinacronograma": 92, 
        "tareaproducto": 37, 
        "producto": 3, 
        "fecha_hasta": "2014-08-04T17:00:00Z", 
        "maquina": 15, 
        "pedido": 4, 
        "pedidocronograma": 9, 
        "itempedido": 6, 
        "estado": 0, 
        "cantidad_tarea": "2.67", 
        "tareamaquina": 16, 
        "cronograma": 8, 
        "tarea": 15, 
        "tiempo_intervalo": "240", 
        "cantidad_tarea_real": "0"
    }
},
{
    "pk": 167, 
    "model": "planificacion.intervalocronograma", 
    "fields": {
        "fecha_desde": "2014-08-06T08:00:00Z", 
        "maquinacronograma": 92, 
        "tareaproducto": 37, 
        "producto": 3, 
        "fecha_hasta": "2014-08-06T12:00:00Z", 
        "maquina": 15, 
        "pedido": 4, 
        "pedidocronograma": 9, 
        "itempedido": 6, 
        "estado": 0, 
        "cantidad_tarea": "2.67", 
        "tareamaquina": 16, 
        "cronograma": 8, 
        "tarea": 15, 
        "tiempo_intervalo": "240", 
        "cantidad_tarea_real": "0"
    }
},
{
    "pk": 168, 
    "model": "planificacion.intervalocronograma", 
    "fields": {
        "fecha_desde": "2014-08-06T13:00:00Z", 
        "maquinacronograma": 92, 
        "tareaproducto": 37, 
        "producto": 3, 
        "fecha_hasta": "2014-08-06T17:00:00Z", 
        "maquina": 15, 
        "pedido": 4, 
        "pedidocronograma": 9, 
        "itempedido": 6, 
        "estado": 0, 
        "cantidad_tarea": "2.67", 
        "tareamaquina": 16, 
        "cronograma": 8, 
        "tarea": 15, 
        "tiempo_intervalo": "240", 
        "cantidad_tarea_real": "0"
    }
},
{
    "pk": 169, 
    "model": "planificacion.intervalocronograma", 
    "fields": {
        "fecha_desde": "2014-08-07T08:00:00Z", 
        "maquinacronograma": 92, 
        "tareaproducto": 37, 
        "producto": 3, 
        "fecha_hasta": "2014-08-07T12:00:00Z", 
        "maquina": 15, 
        "pedido": 4, 
        "pedidocronograma": 9, 
        "itempedido": 6, 
        "estado": 0, 
        "cantidad_tarea": "2.67", 
        "tareamaquina": 16, 
        "cronograma": 8, 
        "tarea": 15, 
        "tiempo_intervalo": "240", 
        "cantidad_tarea_real": "0"
    }
},
{
    "pk": 170, 
    "model": "planificacion.intervalocronograma", 
    "fields": {
        "fecha_desde": "2014-08-07T13:00:00Z", 
        "maquinacronograma": 92, 
        "tareaproducto": 37, 
        "producto": 3, 
        "fecha_hasta": "2014-08-07T17:00:00Z", 
        "maquina": 15, 
        "pedido": 4, 
        "pedidocronograma": 9, 
        "itempedido": 6, 
        "estado": 0, 
        "cantidad_tarea": "2.67", 
        "tareamaquina": 16, 
        "cronograma": 8, 
        "tarea": 15, 
        "tiempo_intervalo": "240", 
        "cantidad_tarea_real": "0"
    }
},
{
    "pk": 171, 
    "model": "planificacion.intervalocronograma", 
    "fields": {
        "fecha_desde": "2014-08-08T08:00:00Z", 
        "maquinacronograma": 92, 
        "tareaproducto": 37, 
        "producto": 3, 
        "fecha_hasta": "2014-08-08T12:00:00Z", 
        "maquina": 15, 
        "pedido": 4, 
        "pedidocronograma": 9, 
        "itempedido": 6, 
        "estado": 0, 
        "cantidad_tarea": "2.67", 
        "tareamaquina": 16, 
        "cronograma": 8, 
        "tarea": 15, 
        "tiempo_intervalo": "240", 
        "cantidad_tarea_real": "0"
    }
},
{
    "pk": 172, 
    "model": "planificacion.intervalocronograma", 
    "fields": {
        "fecha_desde": "2014-08-08T13:00:00Z", 
        "maquinacronograma": 92, 
        "tareaproducto": 37, 
        "producto": 3, 
        "fecha_hasta": "2014-08-08T17:00:00Z", 
        "maquina": 15, 
        "pedido": 4, 
        "pedidocronograma": 9, 
        "itempedido": 6, 
        "estado": 0, 
        "cantidad_tarea": "2.67", 
        "tareamaquina": 16, 
        "cronograma": 8, 
        "tarea": 15, 
        "tiempo_intervalo": "240", 
        "cantidad_tarea_real": "0"
    }
},
{
    "pk": 173, 
    "model": "planificacion.intervalocronograma", 
    "fields": {
        "fecha_desde": "2014-08-11T08:00:00Z", 
        "maquinacronograma": 92, 
        "tareaproducto": 37, 
        "producto": 3, 
        "fecha_hasta": "2014-08-11T12:00:00Z", 
        "maquina": 15, 
        "pedido": 4, 
        "pedidocronograma": 9, 
        "itempedido": 6, 
        "estado": 0, 
        "cantidad_tarea": "2.67", 
        "tareamaquina": 16, 
        "cronograma": 8, 
        "tarea": 15, 
        "tiempo_intervalo": "240", 
        "cantidad_tarea_real": "0"
    }
},
{
    "pk": 174, 
    "model": "planificacion.intervalocronograma", 
    "fields": {
        "fecha_desde": "2014-08-11T13:00:00Z", 
        "maquinacronograma": 92, 
        "tareaproducto": 37, 
        "producto": 3, 
        "fecha_hasta": "2014-08-11T17:00:00Z", 
        "maquina": 15, 
        "pedido": 4, 
        "pedidocronograma": 9, 
        "itempedido": 6, 
        "estado": 0, 
        "cantidad_tarea": "2.67", 
        "tareamaquina": 16, 
        "cronograma": 8, 
        "tarea": 15, 
        "tiempo_intervalo": "240", 
        "cantidad_tarea_real": "0"
    }
},
{
    "pk": 175, 
    "model": "planificacion.intervalocronograma", 
    "fields": {
        "fecha_desde": "2014-08-12T08:00:00Z", 
        "maquinacronograma": 92, 
        "tareaproducto": 37, 
        "producto": 3, 
        "fecha_hasta": "2014-08-12T12:00:00Z", 
        "maquina": 15, 
        "pedido": 4, 
        "pedidocronograma": 9, 
        "itempedido": 6, 
        "estado": 0, 
        "cantidad_tarea": "2.67", 
        "tareamaquina": 16, 
        "cronograma": 8, 
        "tarea": 15, 
        "tiempo_intervalo": "240", 
        "cantidad_tarea_real": "0"
    }
},
{
    "pk": 176, 
    "model": "planificacion.intervalocronograma", 
    "fields": {
        "fecha_desde": "2014-08-12T13:00:00Z", 
        "maquinacronograma": 92, 
        "tareaproducto": 37, 
        "producto": 3, 
        "fecha_hasta": "2014-08-12T17:00:00Z", 
        "maquina": 15, 
        "pedido": 4, 
        "pedidocronograma": 9, 
        "itempedido": 6, 
        "estado": 0, 
        "cantidad_tarea": "2.67", 
        "tareamaquina": 16, 
        "cronograma": 8, 
        "tarea": 15, 
        "tiempo_intervalo": "240", 
        "cantidad_tarea_real": "0"
    }
},
{
    "pk": 177, 
    "model": "planificacion.intervalocronograma", 
    "fields": {
        "fecha_desde": "2014-08-13T08:00:00Z", 
        "maquinacronograma": 92, 
        "tareaproducto": 37, 
        "producto": 3, 
        "fecha_hasta": "2014-08-13T12:00:00Z", 
        "maquina": 15, 
        "pedido": 4, 
        "pedidocronograma": 9, 
        "itempedido": 6, 
        "estado": 0, 
        "cantidad_tarea": "2.67", 
        "tareamaquina": 16, 
        "cronograma": 8, 
        "tarea": 15, 
        "tiempo_intervalo": "240", 
        "cantidad_tarea_real": "0"
    }
},
{
    "pk": 178, 
    "model": "planificacion.intervalocronograma", 
    "fields": {
        "fecha_desde": "2014-08-13T13:00:00Z", 
        "maquinacronograma": 92, 
        "tareaproducto": 37, 
        "producto": 3, 
        "fecha_hasta": "2014-08-13T17:00:00Z", 
        "maquina": 15, 
        "pedido": 4, 
        "pedidocronograma": 9, 
        "itempedido": 6, 
        "estado": 0, 
        "cantidad_tarea": "2.67", 
        "tareamaquina": 16, 
        "cronograma": 8, 
        "tarea": 15, 
        "tiempo_intervalo": "240", 
        "cantidad_tarea_real": "0"
    }
},
{
    "pk": 179, 
    "model": "planificacion.intervalocronograma", 
    "fields": {
        "fecha_desde": "2014-08-14T08:00:00Z", 
        "maquinacronograma": 92, 
        "tareaproducto": 37, 
        "producto": 3, 
        "fecha_hasta": "2014-08-14T12:00:00Z", 
        "maquina": 15, 
        "pedido": 4, 
        "pedidocronograma": 9, 
        "itempedido": 6, 
        "estado": 0, 
        "cantidad_tarea": "2.67", 
        "tareamaquina": 16, 
        "cronograma": 8, 
        "tarea": 15, 
        "tiempo_intervalo": "240", 
        "cantidad_tarea_real": "0"
    }
},
{
    "pk": 180, 
    "model": "planificacion.intervalocronograma", 
    "fields": {
        "fecha_desde": "2014-08-14T13:00:00Z", 
        "maquinacronograma": 92, 
        "tareaproducto": 37, 
        "producto": 3, 
        "fecha_hasta": "2014-08-14T17:00:00Z", 
        "maquina": 15, 
        "pedido": 4, 
        "pedidocronograma": 9, 
        "itempedido": 6, 
        "estado": 0, 
        "cantidad_tarea": "2.67", 
        "tareamaquina": 16, 
        "cronograma": 8, 
        "tarea": 15, 
        "tiempo_intervalo": "240", 
        "cantidad_tarea_real": "0"
    }
},
{
    "pk": 181, 
    "model": "planificacion.intervalocronograma", 
    "fields": {
        "fecha_desde": "2014-08-15T08:00:00Z", 
        "maquinacronograma": 92, 
        "tareaproducto": 37, 
        "producto": 3, 
        "fecha_hasta": "2014-08-15T12:00:00Z", 
        "maquina": 15, 
        "pedido": 4, 
        "pedidocronograma": 9, 
        "itempedido": 6, 
        "estado": 0, 
        "cantidad_tarea": "2.67", 
        "tareamaquina": 16, 
        "cronograma": 8, 
        "tarea": 15, 
        "tiempo_intervalo": "240", 
        "cantidad_tarea_real": "0"
    }
},
{
    "pk": 182, 
    "model": "planificacion.intervalocronograma", 
    "fields": {
        "fecha_desde": "2014-08-15T13:00:00Z", 
        "maquinacronograma": 92, 
        "tareaproducto": 37, 
        "producto": 3, 
        "fecha_hasta": "2014-08-15T17:00:00Z", 
        "maquina": 15, 
        "pedido": 4, 
        "pedidocronograma": 9, 
        "itempedido": 6, 
        "estado": 0, 
        "cantidad_tarea": "2.67", 
        "tareamaquina": 16, 
        "cronograma": 8, 
        "tarea": 15, 
        "tiempo_intervalo": "240", 
        "cantidad_tarea_real": "0"
    }
},
{
    "pk": 183, 
    "model": "planificacion.intervalocronograma", 
    "fields": {
        "fecha_desde": "2014-08-18T08:00:00Z", 
        "maquinacronograma": 92, 
        "tareaproducto": 37, 
        "producto": 3, 
        "fecha_hasta": "2014-08-18T12:00:00Z", 
        "maquina": 15, 
        "pedido": 4, 
        "pedidocronograma": 9, 
        "itempedido": 6, 
        "estado": 0, 
        "cantidad_tarea": "2.67", 
        "tareamaquina": 16, 
        "cronograma": 8, 
        "tarea": 15, 
        "tiempo_intervalo": "240", 
        "cantidad_tarea_real": "0"
    }
},
{
    "pk": 184, 
    "model": "planificacion.intervalocronograma", 
    "fields": {
        "fecha_desde": "2014-08-18T13:00:00Z", 
        "maquinacronograma": 92, 
        "tareaproducto": 37, 
        "producto": 3, 
        "fecha_hasta": "2014-08-18T17:00:00Z", 
        "maquina": 15, 
        "pedido": 4, 
        "pedidocronograma": 9, 
        "itempedido": 6, 
        "estado": 0, 
        "cantidad_tarea": "2.67", 
        "tareamaquina": 16, 
        "cronograma": 8, 
        "tarea": 15, 
        "tiempo_intervalo": "240", 
        "cantidad_tarea_real": "0"
    }
},
{
    "pk": 185, 
    "model": "planificacion.intervalocronograma", 
    "fields": {
        "fecha_desde": "2014-08-19T08:00:00Z", 
        "maquinacronograma": 92, 
        "tareaproducto": 37, 
        "producto": 3, 
        "fecha_hasta": "2014-08-19T12:00:00Z", 
        "maquina": 15, 
        "pedido": 4, 
        "pedidocronograma": 9, 
        "itempedido": 6, 
        "estado": 0, 
        "cantidad_tarea": "2.67", 
        "tareamaquina": 16, 
        "cronograma": 8, 
        "tarea": 15, 
        "tiempo_intervalo": "240", 
        "cantidad_tarea_real": "0"
    }
},
{
    "pk": 186, 
    "model": "planificacion.intervalocronograma", 
    "fields": {
        "fecha_desde": "2014-08-19T13:00:00Z", 
        "maquinacronograma": 92, 
        "tareaproducto": 37, 
        "producto": 3, 
        "fecha_hasta": "2014-08-19T17:00:00Z", 
        "maquina": 15, 
        "pedido": 4, 
        "pedidocronograma": 9, 
        "itempedido": 6, 
        "estado": 0, 
        "cantidad_tarea": "2.67", 
        "tareamaquina": 16, 
        "cronograma": 8, 
        "tarea": 15, 
        "tiempo_intervalo": "240", 
        "cantidad_tarea_real": "0"
    }
},
{
    "pk": 187, 
    "model": "planificacion.intervalocronograma", 
    "fields": {
        "fecha_desde": "2014-08-20T08:00:00Z", 
        "maquinacronograma": 92, 
        "tareaproducto": 37, 
        "producto": 3, 
        "fecha_hasta": "2014-08-20T10:00:00Z", 
        "maquina": 15, 
        "pedido": 4, 
        "pedidocronograma": 9, 
        "itempedido": 6, 
        "estado": 0, 
        "cantidad_tarea": "1.33", 
        "tareamaquina": 16, 
        "cronograma": 8, 
        "tarea": 15, 
        "tiempo_intervalo": "120", 
        "cantidad_tarea_real": "0"
    }
},
{
    "pk": 188, 
    "model": "planificacion.intervalocronograma", 
    "fields": {
        "fecha_desde": "2014-08-20T10:00:00Z", 
        "maquinacronograma": 92, 
        "tareaproducto": 38, 
        "producto": 3, 
        "fecha_hasta": "2014-08-20T12:00:00Z", 
        "maquina": 15, 
        "pedido": 4, 
        "pedidocronograma": 9, 
        "itempedido": 6, 
        "estado": 0, 
        "cantidad_tarea": "1", 
        "tareamaquina": 17, 
        "cronograma": 8, 
        "tarea": 16, 
        "tiempo_intervalo": "120", 
        "cantidad_tarea_real": "0"
    }
},
{
    "pk": 189, 
    "model": "planificacion.intervalocronograma", 
    "fields": {
        "fecha_desde": "2014-08-20T13:00:00Z", 
        "maquinacronograma": 92, 
        "tareaproducto": 38, 
        "producto": 3, 
        "fecha_hasta": "2014-08-20T17:00:00Z", 
        "maquina": 15, 
        "pedido": 4, 
        "pedidocronograma": 9, 
        "itempedido": 6, 
        "estado": 0, 
        "cantidad_tarea": "2", 
        "tareamaquina": 17, 
        "cronograma": 8, 
        "tarea": 16, 
        "tiempo_intervalo": "240", 
        "cantidad_tarea_real": "0"
    }
},
{
    "pk": 190, 
    "model": "planificacion.intervalocronograma", 
    "fields": {
        "fecha_desde": "2014-08-21T08:00:00Z", 
        "maquinacronograma": 92, 
        "tareaproducto": 38, 
        "producto": 3, 
        "fecha_hasta": "2014-08-21T12:00:00Z", 
        "maquina": 15, 
        "pedido": 4, 
        "pedidocronograma": 9, 
        "itempedido": 6, 
        "estado": 0, 
        "cantidad_tarea": "2", 
        "tareamaquina": 17, 
        "cronograma": 8, 
        "tarea": 16, 
        "tiempo_intervalo": "240", 
        "cantidad_tarea_real": "0"
    }
},
{
    "pk": 191, 
    "model": "planificacion.intervalocronograma", 
    "fields": {
        "fecha_desde": "2014-08-21T13:00:00Z", 
        "maquinacronograma": 92, 
        "tareaproducto": 38, 
        "producto": 3, 
        "fecha_hasta": "2014-08-21T17:00:00Z", 
        "maquina": 15, 
        "pedido": 4, 
        "pedidocronograma": 9, 
        "itempedido": 6, 
        "estado": 0, 
        "cantidad_tarea": "2", 
        "tareamaquina": 17, 
        "cronograma": 8, 
        "tarea": 16, 
        "tiempo_intervalo": "240", 
        "cantidad_tarea_real": "0"
    }
},
{
    "pk": 192, 
    "model": "planificacion.intervalocronograma", 
    "fields": {
        "fecha_desde": "2014-08-22T08:00:00Z", 
        "maquinacronograma": 92, 
        "tareaproducto": 38, 
        "producto": 3, 
        "fecha_hasta": "2014-08-22T12:00:00Z", 
        "maquina": 15, 
        "pedido": 4, 
        "pedidocronograma": 9, 
        "itempedido": 6, 
        "estado": 0, 
        "cantidad_tarea": "2", 
        "tareamaquina": 17, 
        "cronograma": 8, 
        "tarea": 16, 
        "tiempo_intervalo": "240", 
        "cantidad_tarea_real": "0"
    }
},
{
    "pk": 193, 
    "model": "planificacion.intervalocronograma", 
    "fields": {
        "fecha_desde": "2014-08-22T13:00:00Z", 
        "maquinacronograma": 92, 
        "tareaproducto": 38, 
        "producto": 3, 
        "fecha_hasta": "2014-08-22T17:00:00Z", 
        "maquina": 15, 
        "pedido": 4, 
        "pedidocronograma": 9, 
        "itempedido": 6, 
        "estado": 0, 
        "cantidad_tarea": "2", 
        "tareamaquina": 17, 
        "cronograma": 8, 
        "tarea": 16, 
        "tiempo_intervalo": "240", 
        "cantidad_tarea_real": "0"
    }
},
{
    "pk": 194, 
    "model": "planificacion.intervalocronograma", 
    "fields": {
        "fecha_desde": "2014-08-25T08:00:00Z", 
        "maquinacronograma": 92, 
        "tareaproducto": 38, 
        "producto": 3, 
        "fecha_hasta": "2014-08-25T12:00:00Z", 
        "maquina": 15, 
        "pedido": 4, 
        "pedidocronograma": 9, 
        "itempedido": 6, 
        "estado": 0, 
        "cantidad_tarea": "2", 
        "tareamaquina": 17, 
        "cronograma": 8, 
        "tarea": 16, 
        "tiempo_intervalo": "240", 
        "cantidad_tarea_real": "0"
    }
},
{
    "pk": 195, 
    "model": "planificacion.intervalocronograma", 
    "fields": {
        "fecha_desde": "2014-08-25T13:00:00Z", 
        "maquinacronograma": 92, 
        "tareaproducto": 38, 
        "producto": 3, 
        "fecha_hasta": "2014-08-25T17:00:00Z", 
        "maquina": 15, 
        "pedido": 4, 
        "pedidocronograma": 9, 
        "itempedido": 6, 
        "estado": 0, 
        "cantidad_tarea": "2", 
        "tareamaquina": 17, 
        "cronograma": 8, 
        "tarea": 16, 
        "tiempo_intervalo": "240", 
        "cantidad_tarea_real": "0"
    }
},
{
    "pk": 196, 
    "model": "planificacion.intervalocronograma", 
    "fields": {
        "fecha_desde": "2014-08-26T08:00:00Z", 
        "maquinacronograma": 92, 
        "tareaproducto": 38, 
        "producto": 3, 
        "fecha_hasta": "2014-08-26T12:00:00Z", 
        "maquina": 15, 
        "pedido": 4, 
        "pedidocronograma": 9, 
        "itempedido": 6, 
        "estado": 0, 
        "cantidad_tarea": "2", 
        "tareamaquina": 17, 
        "cronograma": 8, 
        "tarea": 16, 
        "tiempo_intervalo": "240", 
        "cantidad_tarea_real": "0"
    }
},
{
    "pk": 197, 
    "model": "planificacion.intervalocronograma", 
    "fields": {
        "fecha_desde": "2014-08-26T13:00:00Z", 
        "maquinacronograma": 92, 
        "tareaproducto": 38, 
        "producto": 3, 
        "fecha_hasta": "2014-08-26T17:00:00Z", 
        "maquina": 15, 
        "pedido": 4, 
        "pedidocronograma": 9, 
        "itempedido": 6, 
        "estado": 0, 
        "cantidad_tarea": "2", 
        "tareamaquina": 17, 
        "cronograma": 8, 
        "tarea": 16, 
        "tiempo_intervalo": "240", 
        "cantidad_tarea_real": "0"
    }
},
{
    "pk": 198, 
    "model": "planificacion.intervalocronograma", 
    "fields": {
        "fecha_desde": "2014-08-27T08:00:00Z", 
        "maquinacronograma": 92, 
        "tareaproducto": 38, 
        "producto": 3, 
        "fecha_hasta": "2014-08-27T12:00:00Z", 
        "maquina": 15, 
        "pedido": 4, 
        "pedidocronograma": 9, 
        "itempedido": 6, 
        "estado": 0, 
        "cantidad_tarea": "2", 
        "tareamaquina": 17, 
        "cronograma": 8, 
        "tarea": 16, 
        "tiempo_intervalo": "240", 
        "cantidad_tarea_real": "0"
    }
},
{
    "pk": 199, 
    "model": "planificacion.intervalocronograma", 
    "fields": {
        "fecha_desde": "2014-08-27T13:00:00Z", 
        "maquinacronograma": 92, 
        "tareaproducto": 38, 
        "producto": 3, 
        "fecha_hasta": "2014-08-27T17:00:00Z", 
        "maquina": 15, 
        "pedido": 4, 
        "pedidocronograma": 9, 
        "itempedido": 6, 
        "estado": 0, 
        "cantidad_tarea": "2", 
        "tareamaquina": 17, 
        "cronograma": 8, 
        "tarea": 16, 
        "tiempo_intervalo": "240", 
        "cantidad_tarea_real": "0"
    }
},
{
    "pk": 200, 
    "model": "planificacion.intervalocronograma", 
    "fields": {
        "fecha_desde": "2014-08-28T08:00:00Z", 
        "maquinacronograma": 92, 
        "tareaproducto": 38, 
        "producto": 3, 
        "fecha_hasta": "2014-08-28T12:00:00Z", 
        "maquina": 15, 
        "pedido": 4, 
        "pedidocronograma": 9, 
        "itempedido": 6, 
        "estado": 0, 
        "cantidad_tarea": "2", 
        "tareamaquina": 17, 
        "cronograma": 8, 
        "tarea": 16, 
        "tiempo_intervalo": "240", 
        "cantidad_tarea_real": "0"
    }
},
{
    "pk": 201, 
    "model": "planificacion.intervalocronograma", 
    "fields": {
        "fecha_desde": "2014-08-28T13:00:00Z", 
        "maquinacronograma": 92, 
        "tareaproducto": 38, 
        "producto": 3, 
        "fecha_hasta": "2014-08-28T17:00:00Z", 
        "maquina": 15, 
        "pedido": 4, 
        "pedidocronograma": 9, 
        "itempedido": 6, 
        "estado": 0, 
        "cantidad_tarea": "2", 
        "tareamaquina": 17, 
        "cronograma": 8, 
        "tarea": 16, 
        "tiempo_intervalo": "240", 
        "cantidad_tarea_real": "0"
    }
},
{
    "pk": 202, 
    "model": "planificacion.intervalocronograma", 
    "fields": {
        "fecha_desde": "2014-08-29T08:00:00Z", 
        "maquinacronograma": 92, 
        "tareaproducto": 38, 
        "producto": 3, 
        "fecha_hasta": "2014-08-29T12:00:00Z", 
        "maquina": 15, 
        "pedido": 4, 
        "pedidocronograma": 9, 
        "itempedido": 6, 
        "estado": 0, 
        "cantidad_tarea": "2", 
        "tareamaquina": 17, 
        "cronograma": 8, 
        "tarea": 16, 
        "tiempo_intervalo": "240", 
        "cantidad_tarea_real": "0"
    }
},
{
    "pk": 203, 
    "model": "planificacion.intervalocronograma", 
    "fields": {
        "fecha_desde": "2014-08-29T13:00:00Z", 
        "maquinacronograma": 92, 
        "tareaproducto": 38, 
        "producto": 3, 
        "fecha_hasta": "2014-08-29T17:00:00Z", 
        "maquina": 15, 
        "pedido": 4, 
        "pedidocronograma": 9, 
        "itempedido": 6, 
        "estado": 0, 
        "cantidad_tarea": "2", 
        "tareamaquina": 17, 
        "cronograma": 8, 
        "tarea": 16, 
        "tiempo_intervalo": "240", 
        "cantidad_tarea_real": "0"
    }
},
{
    "pk": 204, 
    "model": "planificacion.intervalocronograma", 
    "fields": {
        "fecha_desde": "2014-09-01T08:00:00Z", 
        "maquinacronograma": 92, 
        "tareaproducto": 38, 
        "producto": 3, 
        "fecha_hasta": "2014-09-01T12:00:00Z", 
        "maquina": 15, 
        "pedido": 4, 
        "pedidocronograma": 9, 
        "itempedido": 6, 
        "estado": 0, 
        "cantidad_tarea": "2", 
        "tareamaquina": 17, 
        "cronograma": 8, 
        "tarea": 16, 
        "tiempo_intervalo": "240", 
        "cantidad_tarea_real": "0"
    }
},
{
    "pk": 205, 
    "model": "planificacion.intervalocronograma", 
    "fields": {
        "fecha_desde": "2014-09-01T13:00:00Z", 
        "maquinacronograma": 92, 
        "tareaproducto": 38, 
        "producto": 3, 
        "fecha_hasta": "2014-09-01T17:00:00Z", 
        "maquina": 15, 
        "pedido": 4, 
        "pedidocronograma": 9, 
        "itempedido": 6, 
        "estado": 0, 
        "cantidad_tarea": "2", 
        "tareamaquina": 17, 
        "cronograma": 8, 
        "tarea": 16, 
        "tiempo_intervalo": "240", 
        "cantidad_tarea_real": "0"
    }
},
{
    "pk": 206, 
    "model": "planificacion.intervalocronograma", 
    "fields": {
        "fecha_desde": "2014-09-02T08:00:00Z", 
        "maquinacronograma": 92, 
        "tareaproducto": 38, 
        "producto": 3, 
        "fecha_hasta": "2014-09-02T12:00:00Z", 
        "maquina": 15, 
        "pedido": 4, 
        "pedidocronograma": 9, 
        "itempedido": 6, 
        "estado": 0, 
        "cantidad_tarea": "2", 
        "tareamaquina": 17, 
        "cronograma": 8, 
        "tarea": 16, 
        "tiempo_intervalo": "240", 
        "cantidad_tarea_real": "0"
    }
},
{
    "pk": 207, 
    "model": "planificacion.intervalocronograma", 
    "fields": {
        "fecha_desde": "2014-09-02T13:00:00Z", 
        "maquinacronograma": 92, 
        "tareaproducto": 38, 
        "producto": 3, 
        "fecha_hasta": "2014-09-02T17:00:00Z", 
        "maquina": 15, 
        "pedido": 4, 
        "pedidocronograma": 9, 
        "itempedido": 6, 
        "estado": 0, 
        "cantidad_tarea": "2", 
        "tareamaquina": 17, 
        "cronograma": 8, 
        "tarea": 16, 
        "tiempo_intervalo": "240", 
        "cantidad_tarea_real": "0"
    }
},
{
    "pk": 208, 
    "model": "planificacion.intervalocronograma", 
    "fields": {
        "fecha_desde": "2014-09-03T08:00:00Z", 
        "maquinacronograma": 92, 
        "tareaproducto": 38, 
        "producto": 3, 
        "fecha_hasta": "2014-09-03T12:00:00Z", 
        "maquina": 15, 
        "pedido": 4, 
        "pedidocronograma": 9, 
        "itempedido": 6, 
        "estado": 0, 
        "cantidad_tarea": "2", 
        "tareamaquina": 17, 
        "cronograma": 8, 
        "tarea": 16, 
        "tiempo_intervalo": "240", 
        "cantidad_tarea_real": "0"
    }
},
{
    "pk": 209, 
    "model": "planificacion.intervalocronograma", 
    "fields": {
        "fecha_desde": "2014-09-03T13:00:00Z", 
        "maquinacronograma": 92, 
        "tareaproducto": 38, 
        "producto": 3, 
        "fecha_hasta": "2014-09-03T17:00:00Z", 
        "maquina": 15, 
        "pedido": 4, 
        "pedidocronograma": 9, 
        "itempedido": 6, 
        "estado": 0, 
        "cantidad_tarea": "2", 
        "tareamaquina": 17, 
        "cronograma": 8, 
        "tarea": 16, 
        "tiempo_intervalo": "240", 
        "cantidad_tarea_real": "0"
    }
},
{
    "pk": 210, 
    "model": "planificacion.intervalocronograma", 
    "fields": {
        "fecha_desde": "2014-09-04T08:00:00Z", 
        "maquinacronograma": 92, 
        "tareaproducto": 38, 
        "producto": 3, 
        "fecha_hasta": "2014-09-04T12:00:00Z", 
        "maquina": 15, 
        "pedido": 4, 
        "pedidocronograma": 9, 
        "itempedido": 6, 
        "estado": 0, 
        "cantidad_tarea": "2", 
        "tareamaquina": 17, 
        "cronograma": 8, 
        "tarea": 16, 
        "tiempo_intervalo": "240", 
        "cantidad_tarea_real": "0"
    }
},
{
    "pk": 211, 
    "model": "planificacion.intervalocronograma", 
    "fields": {
        "fecha_desde": "2014-09-04T13:00:00Z", 
        "maquinacronograma": 92, 
        "tareaproducto": 38, 
        "producto": 3, 
        "fecha_hasta": "2014-09-04T17:00:00Z", 
        "maquina": 15, 
        "pedido": 4, 
        "pedidocronograma": 9, 
        "itempedido": 6, 
        "estado": 0, 
        "cantidad_tarea": "2", 
        "tareamaquina": 17, 
        "cronograma": 8, 
        "tarea": 16, 
        "tiempo_intervalo": "240", 
        "cantidad_tarea_real": "0"
    }
},
{
    "pk": 212, 
    "model": "planificacion.intervalocronograma", 
    "fields": {
        "fecha_desde": "2014-09-05T08:00:00Z", 
        "maquinacronograma": 92, 
        "tareaproducto": 38, 
        "producto": 3, 
        "fecha_hasta": "2014-09-05T12:00:00Z", 
        "maquina": 15, 
        "pedido": 4, 
        "pedidocronograma": 9, 
        "itempedido": 6, 
        "estado": 0, 
        "cantidad_tarea": "2", 
        "tareamaquina": 17, 
        "cronograma": 8, 
        "tarea": 16, 
        "tiempo_intervalo": "240", 
        "cantidad_tarea_real": "0"
    }
},
{
    "pk": 213, 
    "model": "planificacion.intervalocronograma", 
    "fields": {
        "fecha_desde": "2014-09-05T13:00:00Z", 
        "maquinacronograma": 92, 
        "tareaproducto": 38, 
        "producto": 3, 
        "fecha_hasta": "2014-09-05T17:00:00Z", 
        "maquina": 15, 
        "pedido": 4, 
        "pedidocronograma": 9, 
        "itempedido": 6, 
        "estado": 0, 
        "cantidad_tarea": "2", 
        "tareamaquina": 17, 
        "cronograma": 8, 
        "tarea": 16, 
        "tiempo_intervalo": "240", 
        "cantidad_tarea_real": "0"
    }
},
{
    "pk": 214, 
    "model": "planificacion.intervalocronograma", 
    "fields": {
        "fecha_desde": "2014-09-08T08:00:00Z", 
        "maquinacronograma": 92, 
        "tareaproducto": 38, 
        "producto": 3, 
        "fecha_hasta": "2014-09-08T12:00:00Z", 
        "maquina": 15, 
        "pedido": 4, 
        "pedidocronograma": 9, 
        "itempedido": 6, 
        "estado": 0, 
        "cantidad_tarea": "2", 
        "tareamaquina": 17, 
        "cronograma": 8, 
        "tarea": 16, 
        "tiempo_intervalo": "240", 
        "cantidad_tarea_real": "0"
    }
},
{
    "pk": 215, 
    "model": "planificacion.intervalocronograma", 
    "fields": {
        "fecha_desde": "2014-09-08T13:00:00Z", 
        "maquinacronograma": 92, 
        "tareaproducto": 38, 
        "producto": 3, 
        "fecha_hasta": "2014-09-08T17:00:00Z", 
        "maquina": 15, 
        "pedido": 4, 
        "pedidocronograma": 9, 
        "itempedido": 6, 
        "estado": 0, 
        "cantidad_tarea": "2", 
        "tareamaquina": 17, 
        "cronograma": 8, 
        "tarea": 16, 
        "tiempo_intervalo": "240", 
        "cantidad_tarea_real": "0"
    }
},
{
    "pk": 216, 
    "model": "planificacion.intervalocronograma", 
    "fields": {
        "fecha_desde": "2014-09-09T08:00:00Z", 
        "maquinacronograma": 92, 
        "tareaproducto": 38, 
        "producto": 3, 
        "fecha_hasta": "2014-09-09T12:00:00Z", 
        "maquina": 15, 
        "pedido": 4, 
        "pedidocronograma": 9, 
        "itempedido": 6, 
        "estado": 0, 
        "cantidad_tarea": "2", 
        "tareamaquina": 17, 
        "cronograma": 8, 
        "tarea": 16, 
        "tiempo_intervalo": "240", 
        "cantidad_tarea_real": "0"
    }
},
{
    "pk": 217, 
    "model": "planificacion.intervalocronograma", 
    "fields": {
        "fecha_desde": "2014-09-09T13:00:00Z", 
        "maquinacronograma": 92, 
        "tareaproducto": 38, 
        "producto": 3, 
        "fecha_hasta": "2014-09-09T17:00:00Z", 
        "maquina": 15, 
        "pedido": 4, 
        "pedidocronograma": 9, 
        "itempedido": 6, 
        "estado": 0, 
        "cantidad_tarea": "2", 
        "tareamaquina": 17, 
        "cronograma": 8, 
        "tarea": 16, 
        "tiempo_intervalo": "240", 
        "cantidad_tarea_real": "0"
    }
},
{
    "pk": 218, 
    "model": "planificacion.intervalocronograma", 
    "fields": {
        "fecha_desde": "2014-09-10T08:00:00Z", 
        "maquinacronograma": 92, 
        "tareaproducto": 38, 
        "producto": 3, 
        "fecha_hasta": "2014-09-10T10:00:00Z", 
        "maquina": 15, 
        "pedido": 4, 
        "pedidocronograma": 9, 
        "itempedido": 6, 
        "estado": 0, 
        "cantidad_tarea": "1", 
        "tareamaquina": 17, 
        "cronograma": 8, 
        "tarea": 16, 
        "tiempo_intervalo": "120", 
        "cantidad_tarea_real": "0"
    }
},
{
    "pk": 219, 
    "model": "planificacion.intervalocronograma", 
    "fields": {
        "fecha_desde": "2014-08-04T08:00:00Z", 
        "maquinacronograma": 91, 
        "tareaproducto": 39, 
        "producto": 3, 
        "fecha_hasta": "2014-08-04T12:00:00Z", 
        "maquina": 14, 
        "pedido": 4, 
        "pedidocronograma": 9, 
        "itempedido": 6, 
        "estado": 0, 
        "cantidad_tarea": "1", 
        "tareamaquina": 15, 
        "cronograma": 8, 
        "tarea": 14, 
        "tiempo_intervalo": "240", 
        "cantidad_tarea_real": "0"
    }
},
{
    "pk": 220, 
    "model": "planificacion.intervalocronograma", 
    "fields": {
        "fecha_desde": "2014-08-04T13:00:00Z", 
        "maquinacronograma": 91, 
        "tareaproducto": 39, 
        "producto": 3, 
        "fecha_hasta": "2014-08-04T17:00:00Z", 
        "maquina": 14, 
        "pedido": 4, 
        "pedidocronograma": 9, 
        "itempedido": 6, 
        "estado": 0, 
        "cantidad_tarea": "1", 
        "tareamaquina": 15, 
        "cronograma": 8, 
        "tarea": 14, 
        "tiempo_intervalo": "240", 
        "cantidad_tarea_real": "0"
    }
},
{
    "pk": 221, 
    "model": "planificacion.intervalocronograma", 
    "fields": {
        "fecha_desde": "2014-08-06T08:00:00Z", 
        "maquinacronograma": 91, 
        "tareaproducto": 39, 
        "producto": 3, 
        "fecha_hasta": "2014-08-06T12:00:00Z", 
        "maquina": 14, 
        "pedido": 4, 
        "pedidocronograma": 9, 
        "itempedido": 6, 
        "estado": 0, 
        "cantidad_tarea": "1", 
        "tareamaquina": 15, 
        "cronograma": 8, 
        "tarea": 14, 
        "tiempo_intervalo": "240", 
        "cantidad_tarea_real": "0"
    }
},
{
    "pk": 222, 
    "model": "planificacion.intervalocronograma", 
    "fields": {
        "fecha_desde": "2014-08-06T13:00:00Z", 
        "maquinacronograma": 91, 
        "tareaproducto": 39, 
        "producto": 3, 
        "fecha_hasta": "2014-08-06T17:00:00Z", 
        "maquina": 14, 
        "pedido": 4, 
        "pedidocronograma": 9, 
        "itempedido": 6, 
        "estado": 0, 
        "cantidad_tarea": "1", 
        "tareamaquina": 15, 
        "cronograma": 8, 
        "tarea": 14, 
        "tiempo_intervalo": "240", 
        "cantidad_tarea_real": "0"
    }
},
{
    "pk": 223, 
    "model": "planificacion.intervalocronograma", 
    "fields": {
        "fecha_desde": "2014-08-07T08:00:00Z", 
        "maquinacronograma": 91, 
        "tareaproducto": 39, 
        "producto": 3, 
        "fecha_hasta": "2014-08-07T12:00:00Z", 
        "maquina": 14, 
        "pedido": 4, 
        "pedidocronograma": 9, 
        "itempedido": 6, 
        "estado": 0, 
        "cantidad_tarea": "1", 
        "tareamaquina": 15, 
        "cronograma": 8, 
        "tarea": 14, 
        "tiempo_intervalo": "240", 
        "cantidad_tarea_real": "0"
    }
},
{
    "pk": 224, 
    "model": "planificacion.intervalocronograma", 
    "fields": {
        "fecha_desde": "2014-08-07T13:00:00Z", 
        "maquinacronograma": 91, 
        "tareaproducto": 39, 
        "producto": 3, 
        "fecha_hasta": "2014-08-07T17:00:00Z", 
        "maquina": 14, 
        "pedido": 4, 
        "pedidocronograma": 9, 
        "itempedido": 6, 
        "estado": 0, 
        "cantidad_tarea": "1", 
        "tareamaquina": 15, 
        "cronograma": 8, 
        "tarea": 14, 
        "tiempo_intervalo": "240", 
        "cantidad_tarea_real": "0"
    }
},
{
    "pk": 225, 
    "model": "planificacion.intervalocronograma", 
    "fields": {
        "fecha_desde": "2014-08-08T08:00:00Z", 
        "maquinacronograma": 91, 
        "tareaproducto": 39, 
        "producto": 3, 
        "fecha_hasta": "2014-08-08T12:00:00Z", 
        "maquina": 14, 
        "pedido": 4, 
        "pedidocronograma": 9, 
        "itempedido": 6, 
        "estado": 0, 
        "cantidad_tarea": "1", 
        "tareamaquina": 15, 
        "cronograma": 8, 
        "tarea": 14, 
        "tiempo_intervalo": "240", 
        "cantidad_tarea_real": "0"
    }
},
{
    "pk": 226, 
    "model": "planificacion.intervalocronograma", 
    "fields": {
        "fecha_desde": "2014-08-08T13:00:00Z", 
        "maquinacronograma": 91, 
        "tareaproducto": 39, 
        "producto": 3, 
        "fecha_hasta": "2014-08-08T17:00:00Z", 
        "maquina": 14, 
        "pedido": 4, 
        "pedidocronograma": 9, 
        "itempedido": 6, 
        "estado": 0, 
        "cantidad_tarea": "1", 
        "tareamaquina": 15, 
        "cronograma": 8, 
        "tarea": 14, 
        "tiempo_intervalo": "240", 
        "cantidad_tarea_real": "0"
    }
},
{
    "pk": 227, 
    "model": "planificacion.intervalocronograma", 
    "fields": {
        "fecha_desde": "2014-08-11T08:00:00Z", 
        "maquinacronograma": 91, 
        "tareaproducto": 39, 
        "producto": 3, 
        "fecha_hasta": "2014-08-11T12:00:00Z", 
        "maquina": 14, 
        "pedido": 4, 
        "pedidocronograma": 9, 
        "itempedido": 6, 
        "estado": 0, 
        "cantidad_tarea": "1", 
        "tareamaquina": 15, 
        "cronograma": 8, 
        "tarea": 14, 
        "tiempo_intervalo": "240", 
        "cantidad_tarea_real": "0"
    }
},
{
    "pk": 228, 
    "model": "planificacion.intervalocronograma", 
    "fields": {
        "fecha_desde": "2014-08-11T13:00:00Z", 
        "maquinacronograma": 91, 
        "tareaproducto": 39, 
        "producto": 3, 
        "fecha_hasta": "2014-08-11T17:00:00Z", 
        "maquina": 14, 
        "pedido": 4, 
        "pedidocronograma": 9, 
        "itempedido": 6, 
        "estado": 0, 
        "cantidad_tarea": "1", 
        "tareamaquina": 15, 
        "cronograma": 8, 
        "tarea": 14, 
        "tiempo_intervalo": "240", 
        "cantidad_tarea_real": "0"
    }
},
{
    "pk": 229, 
    "model": "planificacion.intervalocronograma", 
    "fields": {
        "fecha_desde": "2014-08-12T08:00:00Z", 
        "maquinacronograma": 91, 
        "tareaproducto": 39, 
        "producto": 3, 
        "fecha_hasta": "2014-08-12T12:00:00Z", 
        "maquina": 14, 
        "pedido": 4, 
        "pedidocronograma": 9, 
        "itempedido": 6, 
        "estado": 0, 
        "cantidad_tarea": "1", 
        "tareamaquina": 15, 
        "cronograma": 8, 
        "tarea": 14, 
        "tiempo_intervalo": "240", 
        "cantidad_tarea_real": "0"
    }
},
{
    "pk": 230, 
    "model": "planificacion.intervalocronograma", 
    "fields": {
        "fecha_desde": "2014-08-12T13:00:00Z", 
        "maquinacronograma": 91, 
        "tareaproducto": 39, 
        "producto": 3, 
        "fecha_hasta": "2014-08-12T17:00:00Z", 
        "maquina": 14, 
        "pedido": 4, 
        "pedidocronograma": 9, 
        "itempedido": 6, 
        "estado": 0, 
        "cantidad_tarea": "1", 
        "tareamaquina": 15, 
        "cronograma": 8, 
        "tarea": 14, 
        "tiempo_intervalo": "240", 
        "cantidad_tarea_real": "0"
    }
},
{
    "pk": 231, 
    "model": "planificacion.intervalocronograma", 
    "fields": {
        "fecha_desde": "2014-08-13T08:00:00Z", 
        "maquinacronograma": 91, 
        "tareaproducto": 39, 
        "producto": 3, 
        "fecha_hasta": "2014-08-13T12:00:00Z", 
        "maquina": 14, 
        "pedido": 4, 
        "pedidocronograma": 9, 
        "itempedido": 6, 
        "estado": 0, 
        "cantidad_tarea": "1", 
        "tareamaquina": 15, 
        "cronograma": 8, 
        "tarea": 14, 
        "tiempo_intervalo": "240", 
        "cantidad_tarea_real": "0"
    }
},
{
    "pk": 232, 
    "model": "planificacion.intervalocronograma", 
    "fields": {
        "fecha_desde": "2014-08-13T13:00:00Z", 
        "maquinacronograma": 91, 
        "tareaproducto": 39, 
        "producto": 3, 
        "fecha_hasta": "2014-08-13T17:00:00Z", 
        "maquina": 14, 
        "pedido": 4, 
        "pedidocronograma": 9, 
        "itempedido": 6, 
        "estado": 0, 
        "cantidad_tarea": "1", 
        "tareamaquina": 15, 
        "cronograma": 8, 
        "tarea": 14, 
        "tiempo_intervalo": "240", 
        "cantidad_tarea_real": "0"
    }
},
{
    "pk": 233, 
    "model": "planificacion.intervalocronograma", 
    "fields": {
        "fecha_desde": "2014-08-14T08:00:00Z", 
        "maquinacronograma": 91, 
        "tareaproducto": 39, 
        "producto": 3, 
        "fecha_hasta": "2014-08-14T12:00:00Z", 
        "maquina": 14, 
        "pedido": 4, 
        "pedidocronograma": 9, 
        "itempedido": 6, 
        "estado": 0, 
        "cantidad_tarea": "1", 
        "tareamaquina": 15, 
        "cronograma": 8, 
        "tarea": 14, 
        "tiempo_intervalo": "240", 
        "cantidad_tarea_real": "0"
    }
},
{
    "pk": 234, 
    "model": "planificacion.intervalocronograma", 
    "fields": {
        "fecha_desde": "2014-08-14T13:00:00Z", 
        "maquinacronograma": 91, 
        "tareaproducto": 39, 
        "producto": 3, 
        "fecha_hasta": "2014-08-14T17:00:00Z", 
        "maquina": 14, 
        "pedido": 4, 
        "pedidocronograma": 9, 
        "itempedido": 6, 
        "estado": 0, 
        "cantidad_tarea": "1", 
        "tareamaquina": 15, 
        "cronograma": 8, 
        "tarea": 14, 
        "tiempo_intervalo": "240", 
        "cantidad_tarea_real": "0"
    }
},
{
    "pk": 235, 
    "model": "planificacion.intervalocronograma", 
    "fields": {
        "fecha_desde": "2014-08-15T08:00:00Z", 
        "maquinacronograma": 91, 
        "tareaproducto": 39, 
        "producto": 3, 
        "fecha_hasta": "2014-08-15T12:00:00Z", 
        "maquina": 14, 
        "pedido": 4, 
        "pedidocronograma": 9, 
        "itempedido": 6, 
        "estado": 0, 
        "cantidad_tarea": "1", 
        "tareamaquina": 15, 
        "cronograma": 8, 
        "tarea": 14, 
        "tiempo_intervalo": "240", 
        "cantidad_tarea_real": "0"
    }
},
{
    "pk": 236, 
    "model": "planificacion.intervalocronograma", 
    "fields": {
        "fecha_desde": "2014-08-15T13:00:00Z", 
        "maquinacronograma": 91, 
        "tareaproducto": 39, 
        "producto": 3, 
        "fecha_hasta": "2014-08-15T17:00:00Z", 
        "maquina": 14, 
        "pedido": 4, 
        "pedidocronograma": 9, 
        "itempedido": 6, 
        "estado": 0, 
        "cantidad_tarea": "1", 
        "tareamaquina": 15, 
        "cronograma": 8, 
        "tarea": 14, 
        "tiempo_intervalo": "240", 
        "cantidad_tarea_real": "0"
    }
},
{
    "pk": 237, 
    "model": "planificacion.intervalocronograma", 
    "fields": {
        "fecha_desde": "2014-08-18T08:00:00Z", 
        "maquinacronograma": 91, 
        "tareaproducto": 39, 
        "producto": 3, 
        "fecha_hasta": "2014-08-18T12:00:00Z", 
        "maquina": 14, 
        "pedido": 4, 
        "pedidocronograma": 9, 
        "itempedido": 6, 
        "estado": 0, 
        "cantidad_tarea": "1", 
        "tareamaquina": 15, 
        "cronograma": 8, 
        "tarea": 14, 
        "tiempo_intervalo": "240", 
        "cantidad_tarea_real": "0"
    }
},
{
    "pk": 238, 
    "model": "planificacion.intervalocronograma", 
    "fields": {
        "fecha_desde": "2014-08-18T13:00:00Z", 
        "maquinacronograma": 91, 
        "tareaproducto": 39, 
        "producto": 3, 
        "fecha_hasta": "2014-08-18T17:00:00Z", 
        "maquina": 14, 
        "pedido": 4, 
        "pedidocronograma": 9, 
        "itempedido": 6, 
        "estado": 0, 
        "cantidad_tarea": "1", 
        "tareamaquina": 15, 
        "cronograma": 8, 
        "tarea": 14, 
        "tiempo_intervalo": "240", 
        "cantidad_tarea_real": "0"
    }
},
{
    "pk": 239, 
    "model": "planificacion.intervalocronograma", 
    "fields": {
        "fecha_desde": "2014-08-19T08:00:00Z", 
        "maquinacronograma": 91, 
        "tareaproducto": 39, 
        "producto": 3, 
        "fecha_hasta": "2014-08-19T12:00:00Z", 
        "maquina": 14, 
        "pedido": 4, 
        "pedidocronograma": 9, 
        "itempedido": 6, 
        "estado": 0, 
        "cantidad_tarea": "1", 
        "tareamaquina": 15, 
        "cronograma": 8, 
        "tarea": 14, 
        "tiempo_intervalo": "240", 
        "cantidad_tarea_real": "0"
    }
},
{
    "pk": 240, 
    "model": "planificacion.intervalocronograma", 
    "fields": {
        "fecha_desde": "2014-08-19T13:00:00Z", 
        "maquinacronograma": 91, 
        "tareaproducto": 39, 
        "producto": 3, 
        "fecha_hasta": "2014-08-19T17:00:00Z", 
        "maquina": 14, 
        "pedido": 4, 
        "pedidocronograma": 9, 
        "itempedido": 6, 
        "estado": 0, 
        "cantidad_tarea": "1", 
        "tareamaquina": 15, 
        "cronograma": 8, 
        "tarea": 14, 
        "tiempo_intervalo": "240", 
        "cantidad_tarea_real": "0"
    }
},
{
    "pk": 241, 
    "model": "planificacion.intervalocronograma", 
    "fields": {
        "fecha_desde": "2014-08-20T08:00:00Z", 
        "maquinacronograma": 91, 
        "tareaproducto": 39, 
        "producto": 3, 
        "fecha_hasta": "2014-08-20T12:00:00Z", 
        "maquina": 14, 
        "pedido": 4, 
        "pedidocronograma": 9, 
        "itempedido": 6, 
        "estado": 0, 
        "cantidad_tarea": "1", 
        "tareamaquina": 15, 
        "cronograma": 8, 
        "tarea": 14, 
        "tiempo_intervalo": "240", 
        "cantidad_tarea_real": "0"
    }
},
{
    "pk": 242, 
    "model": "planificacion.intervalocronograma", 
    "fields": {
        "fecha_desde": "2014-08-20T13:00:00Z", 
        "maquinacronograma": 91, 
        "tareaproducto": 39, 
        "producto": 3, 
        "fecha_hasta": "2014-08-20T17:00:00Z", 
        "maquina": 14, 
        "pedido": 4, 
        "pedidocronograma": 9, 
        "itempedido": 6, 
        "estado": 0, 
        "cantidad_tarea": "1", 
        "tareamaquina": 15, 
        "cronograma": 8, 
        "tarea": 14, 
        "tiempo_intervalo": "240", 
        "cantidad_tarea_real": "0"
    }
},
{
    "pk": 243, 
    "model": "planificacion.intervalocronograma", 
    "fields": {
        "fecha_desde": "2014-08-21T08:00:00Z", 
        "maquinacronograma": 91, 
        "tareaproducto": 39, 
        "producto": 3, 
        "fecha_hasta": "2014-08-21T12:00:00Z", 
        "maquina": 14, 
        "pedido": 4, 
        "pedidocronograma": 9, 
        "itempedido": 6, 
        "estado": 0, 
        "cantidad_tarea": "1", 
        "tareamaquina": 15, 
        "cronograma": 8, 
        "tarea": 14, 
        "tiempo_intervalo": "240", 
        "cantidad_tarea_real": "0"
    }
},
{
    "pk": 244, 
    "model": "planificacion.intervalocronograma", 
    "fields": {
        "fecha_desde": "2014-08-21T13:00:00Z", 
        "maquinacronograma": 91, 
        "tareaproducto": 39, 
        "producto": 3, 
        "fecha_hasta": "2014-08-21T17:00:00Z", 
        "maquina": 14, 
        "pedido": 4, 
        "pedidocronograma": 9, 
        "itempedido": 6, 
        "estado": 0, 
        "cantidad_tarea": "1", 
        "tareamaquina": 15, 
        "cronograma": 8, 
        "tarea": 14, 
        "tiempo_intervalo": "240", 
        "cantidad_tarea_real": "0"
    }
},
{
    "pk": 245, 
    "model": "planificacion.intervalocronograma", 
    "fields": {
        "fecha_desde": "2014-08-22T08:00:00Z", 
        "maquinacronograma": 91, 
        "tareaproducto": 39, 
        "producto": 3, 
        "fecha_hasta": "2014-08-22T12:00:00Z", 
        "maquina": 14, 
        "pedido": 4, 
        "pedidocronograma": 9, 
        "itempedido": 6, 
        "estado": 0, 
        "cantidad_tarea": "1", 
        "tareamaquina": 15, 
        "cronograma": 8, 
        "tarea": 14, 
        "tiempo_intervalo": "240", 
        "cantidad_tarea_real": "0"
    }
},
{
    "pk": 246, 
    "model": "planificacion.intervalocronograma", 
    "fields": {
        "fecha_desde": "2014-08-22T13:00:00Z", 
        "maquinacronograma": 91, 
        "tareaproducto": 39, 
        "producto": 3, 
        "fecha_hasta": "2014-08-22T17:00:00Z", 
        "maquina": 14, 
        "pedido": 4, 
        "pedidocronograma": 9, 
        "itempedido": 6, 
        "estado": 0, 
        "cantidad_tarea": "1", 
        "tareamaquina": 15, 
        "cronograma": 8, 
        "tarea": 14, 
        "tiempo_intervalo": "240", 
        "cantidad_tarea_real": "0"
    }
},
{
    "pk": 247, 
    "model": "planificacion.intervalocronograma", 
    "fields": {
        "fecha_desde": "2014-08-25T08:00:00Z", 
        "maquinacronograma": 91, 
        "tareaproducto": 39, 
        "producto": 3, 
        "fecha_hasta": "2014-08-25T12:00:00Z", 
        "maquina": 14, 
        "pedido": 4, 
        "pedidocronograma": 9, 
        "itempedido": 6, 
        "estado": 0, 
        "cantidad_tarea": "1", 
        "tareamaquina": 15, 
        "cronograma": 8, 
        "tarea": 14, 
        "tiempo_intervalo": "240", 
        "cantidad_tarea_real": "0"
    }
},
{
    "pk": 248, 
    "model": "planificacion.intervalocronograma", 
    "fields": {
        "fecha_desde": "2014-08-25T13:00:00Z", 
        "maquinacronograma": 91, 
        "tareaproducto": 39, 
        "producto": 3, 
        "fecha_hasta": "2014-08-25T17:00:00Z", 
        "maquina": 14, 
        "pedido": 4, 
        "pedidocronograma": 9, 
        "itempedido": 6, 
        "estado": 0, 
        "cantidad_tarea": "1", 
        "tareamaquina": 15, 
        "cronograma": 8, 
        "tarea": 14, 
        "tiempo_intervalo": "240", 
        "cantidad_tarea_real": "0"
    }
},
{
    "pk": 249, 
    "model": "planificacion.intervalocronograma", 
    "fields": {
        "fecha_desde": "2014-08-26T08:00:00Z", 
        "maquinacronograma": 91, 
        "tareaproducto": 39, 
        "producto": 3, 
        "fecha_hasta": "2014-08-26T12:00:00Z", 
        "maquina": 14, 
        "pedido": 4, 
        "pedidocronograma": 9, 
        "itempedido": 6, 
        "estado": 0, 
        "cantidad_tarea": "1", 
        "tareamaquina": 15, 
        "cronograma": 8, 
        "tarea": 14, 
        "tiempo_intervalo": "240", 
        "cantidad_tarea_real": "0"
    }
},
{
    "pk": 250, 
    "model": "planificacion.intervalocronograma", 
    "fields": {
        "fecha_desde": "2014-08-26T13:00:00Z", 
        "maquinacronograma": 91, 
        "tareaproducto": 39, 
        "producto": 3, 
        "fecha_hasta": "2014-08-26T17:00:00Z", 
        "maquina": 14, 
        "pedido": 4, 
        "pedidocronograma": 9, 
        "itempedido": 6, 
        "estado": 0, 
        "cantidad_tarea": "1", 
        "tareamaquina": 15, 
        "cronograma": 8, 
        "tarea": 14, 
        "tiempo_intervalo": "240", 
        "cantidad_tarea_real": "0"
    }
},
{
    "pk": 251, 
    "model": "planificacion.intervalocronograma", 
    "fields": {
        "fecha_desde": "2014-08-27T08:00:00Z", 
        "maquinacronograma": 91, 
        "tareaproducto": 39, 
        "producto": 3, 
        "fecha_hasta": "2014-08-27T12:00:00Z", 
        "maquina": 14, 
        "pedido": 4, 
        "pedidocronograma": 9, 
        "itempedido": 6, 
        "estado": 0, 
        "cantidad_tarea": "1", 
        "tareamaquina": 15, 
        "cronograma": 8, 
        "tarea": 14, 
        "tiempo_intervalo": "240", 
        "cantidad_tarea_real": "0"
    }
},
{
    "pk": 252, 
    "model": "planificacion.intervalocronograma", 
    "fields": {
        "fecha_desde": "2014-08-27T13:00:00Z", 
        "maquinacronograma": 91, 
        "tareaproducto": 39, 
        "producto": 3, 
        "fecha_hasta": "2014-08-27T17:00:00Z", 
        "maquina": 14, 
        "pedido": 4, 
        "pedidocronograma": 9, 
        "itempedido": 6, 
        "estado": 0, 
        "cantidad_tarea": "1", 
        "tareamaquina": 15, 
        "cronograma": 8, 
        "tarea": 14, 
        "tiempo_intervalo": "240", 
        "cantidad_tarea_real": "0"
    }
},
{
    "pk": 253, 
    "model": "planificacion.intervalocronograma", 
    "fields": {
        "fecha_desde": "2014-08-28T08:00:00Z", 
        "maquinacronograma": 91, 
        "tareaproducto": 39, 
        "producto": 3, 
        "fecha_hasta": "2014-08-28T12:00:00Z", 
        "maquina": 14, 
        "pedido": 4, 
        "pedidocronograma": 9, 
        "itempedido": 6, 
        "estado": 0, 
        "cantidad_tarea": "1", 
        "tareamaquina": 15, 
        "cronograma": 8, 
        "tarea": 14, 
        "tiempo_intervalo": "240", 
        "cantidad_tarea_real": "0"
    }
},
{
    "pk": 254, 
    "model": "planificacion.intervalocronograma", 
    "fields": {
        "fecha_desde": "2014-08-28T13:00:00Z", 
        "maquinacronograma": 91, 
        "tareaproducto": 39, 
        "producto": 3, 
        "fecha_hasta": "2014-08-28T17:00:00Z", 
        "maquina": 14, 
        "pedido": 4, 
        "pedidocronograma": 9, 
        "itempedido": 6, 
        "estado": 0, 
        "cantidad_tarea": "1", 
        "tareamaquina": 15, 
        "cronograma": 8, 
        "tarea": 14, 
        "tiempo_intervalo": "240", 
        "cantidad_tarea_real": "0"
    }
},
{
    "pk": 255, 
    "model": "planificacion.intervalocronograma", 
    "fields": {
        "fecha_desde": "2014-08-29T08:00:00Z", 
        "maquinacronograma": 91, 
        "tareaproducto": 39, 
        "producto": 3, 
        "fecha_hasta": "2014-08-29T12:00:00Z", 
        "maquina": 14, 
        "pedido": 4, 
        "pedidocronograma": 9, 
        "itempedido": 6, 
        "estado": 0, 
        "cantidad_tarea": "1", 
        "tareamaquina": 15, 
        "cronograma": 8, 
        "tarea": 14, 
        "tiempo_intervalo": "240", 
        "cantidad_tarea_real": "0"
    }
},
{
    "pk": 256, 
    "model": "planificacion.intervalocronograma", 
    "fields": {
        "fecha_desde": "2014-08-29T13:00:00Z", 
        "maquinacronograma": 91, 
        "tareaproducto": 39, 
        "producto": 3, 
        "fecha_hasta": "2014-08-29T17:00:00Z", 
        "maquina": 14, 
        "pedido": 4, 
        "pedidocronograma": 9, 
        "itempedido": 6, 
        "estado": 0, 
        "cantidad_tarea": "1", 
        "tareamaquina": 15, 
        "cronograma": 8, 
        "tarea": 14, 
        "tiempo_intervalo": "240", 
        "cantidad_tarea_real": "0"
    }
},
{
    "pk": 257, 
    "model": "planificacion.intervalocronograma", 
    "fields": {
        "fecha_desde": "2014-09-01T08:00:00Z", 
        "maquinacronograma": 91, 
        "tareaproducto": 39, 
        "producto": 3, 
        "fecha_hasta": "2014-09-01T12:00:00Z", 
        "maquina": 14, 
        "pedido": 4, 
        "pedidocronograma": 9, 
        "itempedido": 6, 
        "estado": 0, 
        "cantidad_tarea": "1", 
        "tareamaquina": 15, 
        "cronograma": 8, 
        "tarea": 14, 
        "tiempo_intervalo": "240", 
        "cantidad_tarea_real": "0"
    }
},
{
    "pk": 258, 
    "model": "planificacion.intervalocronograma", 
    "fields": {
        "fecha_desde": "2014-09-01T13:00:00Z", 
        "maquinacronograma": 91, 
        "tareaproducto": 39, 
        "producto": 3, 
        "fecha_hasta": "2014-09-01T17:00:00Z", 
        "maquina": 14, 
        "pedido": 4, 
        "pedidocronograma": 9, 
        "itempedido": 6, 
        "estado": 0, 
        "cantidad_tarea": "1", 
        "tareamaquina": 15, 
        "cronograma": 8, 
        "tarea": 14, 
        "tiempo_intervalo": "240", 
        "cantidad_tarea_real": "0"
    }
},
{
    "pk": 259, 
    "model": "planificacion.intervalocronograma", 
    "fields": {
        "fecha_desde": "2014-09-02T08:00:00Z", 
        "maquinacronograma": 91, 
        "tareaproducto": 39, 
        "producto": 3, 
        "fecha_hasta": "2014-09-02T12:00:00Z", 
        "maquina": 14, 
        "pedido": 4, 
        "pedidocronograma": 9, 
        "itempedido": 6, 
        "estado": 0, 
        "cantidad_tarea": "1", 
        "tareamaquina": 15, 
        "cronograma": 8, 
        "tarea": 14, 
        "tiempo_intervalo": "240", 
        "cantidad_tarea_real": "0"
    }
},
{
    "pk": 260, 
    "model": "planificacion.intervalocronograma", 
    "fields": {
        "fecha_desde": "2014-09-02T13:00:00Z", 
        "maquinacronograma": 91, 
        "tareaproducto": 39, 
        "producto": 3, 
        "fecha_hasta": "2014-09-02T17:00:00Z", 
        "maquina": 14, 
        "pedido": 4, 
        "pedidocronograma": 9, 
        "itempedido": 6, 
        "estado": 0, 
        "cantidad_tarea": "1", 
        "tareamaquina": 15, 
        "cronograma": 8, 
        "tarea": 14, 
        "tiempo_intervalo": "240", 
        "cantidad_tarea_real": "0"
    }
},
{
    "pk": 261, 
    "model": "planificacion.intervalocronograma", 
    "fields": {
        "fecha_desde": "2014-09-03T08:00:00Z", 
        "maquinacronograma": 91, 
        "tareaproducto": 39, 
        "producto": 3, 
        "fecha_hasta": "2014-09-03T12:00:00Z", 
        "maquina": 14, 
        "pedido": 4, 
        "pedidocronograma": 9, 
        "itempedido": 6, 
        "estado": 0, 
        "cantidad_tarea": "1", 
        "tareamaquina": 15, 
        "cronograma": 8, 
        "tarea": 14, 
        "tiempo_intervalo": "240", 
        "cantidad_tarea_real": "0"
    }
},
{
    "pk": 262, 
    "model": "planificacion.intervalocronograma", 
    "fields": {
        "fecha_desde": "2014-09-03T13:00:00Z", 
        "maquinacronograma": 91, 
        "tareaproducto": 39, 
        "producto": 3, 
        "fecha_hasta": "2014-09-03T17:00:00Z", 
        "maquina": 14, 
        "pedido": 4, 
        "pedidocronograma": 9, 
        "itempedido": 6, 
        "estado": 0, 
        "cantidad_tarea": "1", 
        "tareamaquina": 15, 
        "cronograma": 8, 
        "tarea": 14, 
        "tiempo_intervalo": "240", 
        "cantidad_tarea_real": "0"
    }
},
{
    "pk": 263, 
    "model": "planificacion.intervalocronograma", 
    "fields": {
        "fecha_desde": "2014-09-04T08:00:00Z", 
        "maquinacronograma": 91, 
        "tareaproducto": 39, 
        "producto": 3, 
        "fecha_hasta": "2014-09-04T12:00:00Z", 
        "maquina": 14, 
        "pedido": 4, 
        "pedidocronograma": 9, 
        "itempedido": 6, 
        "estado": 0, 
        "cantidad_tarea": "1", 
        "tareamaquina": 15, 
        "cronograma": 8, 
        "tarea": 14, 
        "tiempo_intervalo": "240", 
        "cantidad_tarea_real": "0"
    }
},
{
    "pk": 264, 
    "model": "planificacion.intervalocronograma", 
    "fields": {
        "fecha_desde": "2014-09-04T13:00:00Z", 
        "maquinacronograma": 91, 
        "tareaproducto": 39, 
        "producto": 3, 
        "fecha_hasta": "2014-09-04T17:00:00Z", 
        "maquina": 14, 
        "pedido": 4, 
        "pedidocronograma": 9, 
        "itempedido": 6, 
        "estado": 0, 
        "cantidad_tarea": "1", 
        "tareamaquina": 15, 
        "cronograma": 8, 
        "tarea": 14, 
        "tiempo_intervalo": "240", 
        "cantidad_tarea_real": "0"
    }
},
{
    "pk": 265, 
    "model": "planificacion.intervalocronograma", 
    "fields": {
        "fecha_desde": "2014-09-05T08:00:00Z", 
        "maquinacronograma": 91, 
        "tareaproducto": 39, 
        "producto": 3, 
        "fecha_hasta": "2014-09-05T12:00:00Z", 
        "maquina": 14, 
        "pedido": 4, 
        "pedidocronograma": 9, 
        "itempedido": 6, 
        "estado": 0, 
        "cantidad_tarea": "1", 
        "tareamaquina": 15, 
        "cronograma": 8, 
        "tarea": 14, 
        "tiempo_intervalo": "240", 
        "cantidad_tarea_real": "0"
    }
},
{
    "pk": 266, 
    "model": "planificacion.intervalocronograma", 
    "fields": {
        "fecha_desde": "2014-09-05T13:00:00Z", 
        "maquinacronograma": 91, 
        "tareaproducto": 39, 
        "producto": 3, 
        "fecha_hasta": "2014-09-05T17:00:00Z", 
        "maquina": 14, 
        "pedido": 4, 
        "pedidocronograma": 9, 
        "itempedido": 6, 
        "estado": 0, 
        "cantidad_tarea": "1", 
        "tareamaquina": 15, 
        "cronograma": 8, 
        "tarea": 14, 
        "tiempo_intervalo": "240", 
        "cantidad_tarea_real": "0"
    }
},
{
    "pk": 267, 
    "model": "planificacion.intervalocronograma", 
    "fields": {
        "fecha_desde": "2014-09-08T08:00:00Z", 
        "maquinacronograma": 91, 
        "tareaproducto": 39, 
        "producto": 3, 
        "fecha_hasta": "2014-09-08T12:00:00Z", 
        "maquina": 14, 
        "pedido": 4, 
        "pedidocronograma": 9, 
        "itempedido": 6, 
        "estado": 0, 
        "cantidad_tarea": "1", 
        "tareamaquina": 15, 
        "cronograma": 8, 
        "tarea": 14, 
        "tiempo_intervalo": "240", 
        "cantidad_tarea_real": "0"
    }
},
{
    "pk": 268, 
    "model": "planificacion.intervalocronograma", 
    "fields": {
        "fecha_desde": "2014-09-08T13:00:00Z", 
        "maquinacronograma": 91, 
        "tareaproducto": 39, 
        "producto": 3, 
        "fecha_hasta": "2014-09-08T17:00:00Z", 
        "maquina": 14, 
        "pedido": 4, 
        "pedidocronograma": 9, 
        "itempedido": 6, 
        "estado": 0, 
        "cantidad_tarea": "1", 
        "tareamaquina": 15, 
        "cronograma": 8, 
        "tarea": 14, 
        "tiempo_intervalo": "240", 
        "cantidad_tarea_real": "0"
    }
},
{
    "pk": 269, 
    "model": "planificacion.intervalocronograma", 
    "fields": {
        "fecha_desde": "2014-09-09T08:00:00Z", 
        "maquinacronograma": 91, 
        "tareaproducto": 39, 
        "producto": 3, 
        "fecha_hasta": "2014-09-09T12:00:00Z", 
        "maquina": 14, 
        "pedido": 4, 
        "pedidocronograma": 9, 
        "itempedido": 6, 
        "estado": 0, 
        "cantidad_tarea": "1", 
        "tareamaquina": 15, 
        "cronograma": 8, 
        "tarea": 14, 
        "tiempo_intervalo": "240", 
        "cantidad_tarea_real": "0"
    }
},
{
    "pk": 270, 
    "model": "planificacion.intervalocronograma", 
    "fields": {
        "fecha_desde": "2014-09-09T13:00:00Z", 
        "maquinacronograma": 91, 
        "tareaproducto": 39, 
        "producto": 3, 
        "fecha_hasta": "2014-09-09T17:00:00Z", 
        "maquina": 14, 
        "pedido": 4, 
        "pedidocronograma": 9, 
        "itempedido": 6, 
        "estado": 0, 
        "cantidad_tarea": "1", 
        "tareamaquina": 15, 
        "cronograma": 8, 
        "tarea": 14, 
        "tiempo_intervalo": "240", 
        "cantidad_tarea_real": "0"
    }
},
{
    "pk": 271, 
    "model": "planificacion.intervalocronograma", 
    "fields": {
        "fecha_desde": "2014-09-10T08:00:00Z", 
        "maquinacronograma": 91, 
        "tareaproducto": 39, 
        "producto": 3, 
        "fecha_hasta": "2014-09-10T12:00:00Z", 
        "maquina": 14, 
        "pedido": 4, 
        "pedidocronograma": 9, 
        "itempedido": 6, 
        "estado": 0, 
        "cantidad_tarea": "1", 
        "tareamaquina": 15, 
        "cronograma": 8, 
        "tarea": 14, 
        "tiempo_intervalo": "240", 
        "cantidad_tarea_real": "0"
    }
},
{
    "pk": 272, 
    "model": "planificacion.intervalocronograma", 
    "fields": {
        "fecha_desde": "2014-09-10T13:00:00Z", 
        "maquinacronograma": 91, 
        "tareaproducto": 39, 
        "producto": 3, 
        "fecha_hasta": "2014-09-10T17:00:00Z", 
        "maquina": 14, 
        "pedido": 4, 
        "pedidocronograma": 9, 
        "itempedido": 6, 
        "estado": 0, 
        "cantidad_tarea": "1", 
        "tareamaquina": 15, 
        "cronograma": 8, 
        "tarea": 14, 
        "tiempo_intervalo": "240", 
        "cantidad_tarea_real": "0"
    }
},
{
    "pk": 273, 
    "model": "planificacion.intervalocronograma", 
    "fields": {
        "fecha_desde": "2014-09-11T08:00:00Z", 
        "maquinacronograma": 91, 
        "tareaproducto": 39, 
        "producto": 3, 
        "fecha_hasta": "2014-09-11T12:00:00Z", 
        "maquina": 14, 
        "pedido": 4, 
        "pedidocronograma": 9, 
        "itempedido": 6, 
        "estado": 0, 
        "cantidad_tarea": "1", 
        "tareamaquina": 15, 
        "cronograma": 8, 
        "tarea": 14, 
        "tiempo_intervalo": "240", 
        "cantidad_tarea_real": "0"
    }
},
{
    "pk": 274, 
    "model": "planificacion.intervalocronograma", 
    "fields": {
        "fecha_desde": "2014-09-11T13:00:00Z", 
        "maquinacronograma": 91, 
        "tareaproducto": 39, 
        "producto": 3, 
        "fecha_hasta": "2014-09-11T17:00:00Z", 
        "maquina": 14, 
        "pedido": 4, 
        "pedidocronograma": 9, 
        "itempedido": 6, 
        "estado": 0, 
        "cantidad_tarea": "1", 
        "tareamaquina": 15, 
        "cronograma": 8, 
        "tarea": 14, 
        "tiempo_intervalo": "240", 
        "cantidad_tarea_real": "0"
    }
},
{
    "pk": 275, 
    "model": "planificacion.intervalocronograma", 
    "fields": {
        "fecha_desde": "2014-09-12T08:00:00Z", 
        "maquinacronograma": 91, 
        "tareaproducto": 39, 
        "producto": 3, 
        "fecha_hasta": "2014-09-12T12:00:00Z", 
        "maquina": 14, 
        "pedido": 4, 
        "pedidocronograma": 9, 
        "itempedido": 6, 
        "estado": 0, 
        "cantidad_tarea": "1", 
        "tareamaquina": 15, 
        "cronograma": 8, 
        "tarea": 14, 
        "tiempo_intervalo": "240", 
        "cantidad_tarea_real": "0"
    }
},
{
    "pk": 276, 
    "model": "planificacion.intervalocronograma", 
    "fields": {
        "fecha_desde": "2014-09-12T13:00:00Z", 
        "maquinacronograma": 91, 
        "tareaproducto": 39, 
        "producto": 3, 
        "fecha_hasta": "2014-09-12T17:00:00Z", 
        "maquina": 14, 
        "pedido": 4, 
        "pedidocronograma": 9, 
        "itempedido": 6, 
        "estado": 0, 
        "cantidad_tarea": "1", 
        "tareamaquina": 15, 
        "cronograma": 8, 
        "tarea": 14, 
        "tiempo_intervalo": "240", 
        "cantidad_tarea_real": "0"
    }
},
{
    "pk": 277, 
    "model": "planificacion.intervalocronograma", 
    "fields": {
        "fecha_desde": "2014-09-15T08:00:00Z", 
        "maquinacronograma": 91, 
        "tareaproducto": 39, 
        "producto": 3, 
        "fecha_hasta": "2014-09-15T12:00:00Z", 
        "maquina": 14, 
        "pedido": 4, 
        "pedidocronograma": 9, 
        "itempedido": 6, 
        "estado": 0, 
        "cantidad_tarea": "1", 
        "tareamaquina": 15, 
        "cronograma": 8, 
        "tarea": 14, 
        "tiempo_intervalo": "240", 
        "cantidad_tarea_real": "0"
    }
},
{
    "pk": 278, 
    "model": "planificacion.intervalocronograma", 
    "fields": {
        "fecha_desde": "2014-09-15T13:00:00Z", 
        "maquinacronograma": 91, 
        "tareaproducto": 39, 
        "producto": 3, 
        "fecha_hasta": "2014-09-15T17:00:00Z", 
        "maquina": 14, 
        "pedido": 4, 
        "pedidocronograma": 9, 
        "itempedido": 6, 
        "estado": 0, 
        "cantidad_tarea": "1", 
        "tareamaquina": 15, 
        "cronograma": 8, 
        "tarea": 14, 
        "tiempo_intervalo": "240", 
        "cantidad_tarea_real": "0"
    }
},
{
    "pk": 279, 
    "model": "planificacion.intervalocronograma", 
    "fields": {
        "fecha_desde": "2014-08-04T08:00:00Z", 
        "maquinacronograma": 89, 
        "tareaproducto": 40, 
        "producto": 3, 
        "fecha_hasta": "2014-08-04T12:00:00Z", 
        "maquina": 16, 
        "pedido": 4, 
        "pedidocronograma": 9, 
        "itempedido": 6, 
        "estado": 0, 
        "cantidad_tarea": "1.33", 
        "tareamaquina": 18, 
        "cronograma": 8, 
        "tarea": 17, 
        "tiempo_intervalo": "240", 
        "cantidad_tarea_real": "0"
    }
},
{
    "pk": 280, 
    "model": "planificacion.intervalocronograma", 
    "fields": {
        "fecha_desde": "2014-08-04T13:00:00Z", 
        "maquinacronograma": 89, 
        "tareaproducto": 40, 
        "producto": 3, 
        "fecha_hasta": "2014-08-04T17:00:00Z", 
        "maquina": 16, 
        "pedido": 4, 
        "pedidocronograma": 9, 
        "itempedido": 6, 
        "estado": 0, 
        "cantidad_tarea": "1.33", 
        "tareamaquina": 18, 
        "cronograma": 8, 
        "tarea": 17, 
        "tiempo_intervalo": "240", 
        "cantidad_tarea_real": "0"
    }
},
{
    "pk": 281, 
    "model": "planificacion.intervalocronograma", 
    "fields": {
        "fecha_desde": "2014-08-06T08:00:00Z", 
        "maquinacronograma": 89, 
        "tareaproducto": 40, 
        "producto": 3, 
        "fecha_hasta": "2014-08-06T12:00:00Z", 
        "maquina": 16, 
        "pedido": 4, 
        "pedidocronograma": 9, 
        "itempedido": 6, 
        "estado": 0, 
        "cantidad_tarea": "1.33", 
        "tareamaquina": 18, 
        "cronograma": 8, 
        "tarea": 17, 
        "tiempo_intervalo": "240", 
        "cantidad_tarea_real": "0"
    }
},
{
    "pk": 282, 
    "model": "planificacion.intervalocronograma", 
    "fields": {
        "fecha_desde": "2014-08-06T13:00:00Z", 
        "maquinacronograma": 89, 
        "tareaproducto": 40, 
        "producto": 3, 
        "fecha_hasta": "2014-08-06T17:00:00Z", 
        "maquina": 16, 
        "pedido": 4, 
        "pedidocronograma": 9, 
        "itempedido": 6, 
        "estado": 0, 
        "cantidad_tarea": "1.33", 
        "tareamaquina": 18, 
        "cronograma": 8, 
        "tarea": 17, 
        "tiempo_intervalo": "240", 
        "cantidad_tarea_real": "0"
    }
},
{
    "pk": 283, 
    "model": "planificacion.intervalocronograma", 
    "fields": {
        "fecha_desde": "2014-08-07T08:00:00Z", 
        "maquinacronograma": 89, 
        "tareaproducto": 40, 
        "producto": 3, 
        "fecha_hasta": "2014-08-07T12:00:00Z", 
        "maquina": 16, 
        "pedido": 4, 
        "pedidocronograma": 9, 
        "itempedido": 6, 
        "estado": 0, 
        "cantidad_tarea": "1.33", 
        "tareamaquina": 18, 
        "cronograma": 8, 
        "tarea": 17, 
        "tiempo_intervalo": "240", 
        "cantidad_tarea_real": "0"
    }
},
{
    "pk": 284, 
    "model": "planificacion.intervalocronograma", 
    "fields": {
        "fecha_desde": "2014-08-07T13:00:00Z", 
        "maquinacronograma": 89, 
        "tareaproducto": 40, 
        "producto": 3, 
        "fecha_hasta": "2014-08-07T17:00:00Z", 
        "maquina": 16, 
        "pedido": 4, 
        "pedidocronograma": 9, 
        "itempedido": 6, 
        "estado": 0, 
        "cantidad_tarea": "1.33", 
        "tareamaquina": 18, 
        "cronograma": 8, 
        "tarea": 17, 
        "tiempo_intervalo": "240", 
        "cantidad_tarea_real": "0"
    }
},
{
    "pk": 285, 
    "model": "planificacion.intervalocronograma", 
    "fields": {
        "fecha_desde": "2014-08-08T08:00:00Z", 
        "maquinacronograma": 89, 
        "tareaproducto": 40, 
        "producto": 3, 
        "fecha_hasta": "2014-08-08T12:00:00Z", 
        "maquina": 16, 
        "pedido": 4, 
        "pedidocronograma": 9, 
        "itempedido": 6, 
        "estado": 0, 
        "cantidad_tarea": "1.33", 
        "tareamaquina": 18, 
        "cronograma": 8, 
        "tarea": 17, 
        "tiempo_intervalo": "240", 
        "cantidad_tarea_real": "0"
    }
},
{
    "pk": 286, 
    "model": "planificacion.intervalocronograma", 
    "fields": {
        "fecha_desde": "2014-08-08T13:00:00Z", 
        "maquinacronograma": 89, 
        "tareaproducto": 40, 
        "producto": 3, 
        "fecha_hasta": "2014-08-08T17:00:00Z", 
        "maquina": 16, 
        "pedido": 4, 
        "pedidocronograma": 9, 
        "itempedido": 6, 
        "estado": 0, 
        "cantidad_tarea": "1.33", 
        "tareamaquina": 18, 
        "cronograma": 8, 
        "tarea": 17, 
        "tiempo_intervalo": "240", 
        "cantidad_tarea_real": "0"
    }
},
{
    "pk": 287, 
    "model": "planificacion.intervalocronograma", 
    "fields": {
        "fecha_desde": "2014-08-11T08:00:00Z", 
        "maquinacronograma": 89, 
        "tareaproducto": 40, 
        "producto": 3, 
        "fecha_hasta": "2014-08-11T12:00:00Z", 
        "maquina": 16, 
        "pedido": 4, 
        "pedidocronograma": 9, 
        "itempedido": 6, 
        "estado": 0, 
        "cantidad_tarea": "1.33", 
        "tareamaquina": 18, 
        "cronograma": 8, 
        "tarea": 17, 
        "tiempo_intervalo": "240", 
        "cantidad_tarea_real": "0"
    }
},
{
    "pk": 288, 
    "model": "planificacion.intervalocronograma", 
    "fields": {
        "fecha_desde": "2014-08-11T13:00:00Z", 
        "maquinacronograma": 89, 
        "tareaproducto": 40, 
        "producto": 3, 
        "fecha_hasta": "2014-08-11T17:00:00Z", 
        "maquina": 16, 
        "pedido": 4, 
        "pedidocronograma": 9, 
        "itempedido": 6, 
        "estado": 0, 
        "cantidad_tarea": "1.33", 
        "tareamaquina": 18, 
        "cronograma": 8, 
        "tarea": 17, 
        "tiempo_intervalo": "240", 
        "cantidad_tarea_real": "0"
    }
},
{
    "pk": 289, 
    "model": "planificacion.intervalocronograma", 
    "fields": {
        "fecha_desde": "2014-08-12T08:00:00Z", 
        "maquinacronograma": 89, 
        "tareaproducto": 40, 
        "producto": 3, 
        "fecha_hasta": "2014-08-12T12:00:00Z", 
        "maquina": 16, 
        "pedido": 4, 
        "pedidocronograma": 9, 
        "itempedido": 6, 
        "estado": 0, 
        "cantidad_tarea": "1.33", 
        "tareamaquina": 18, 
        "cronograma": 8, 
        "tarea": 17, 
        "tiempo_intervalo": "240", 
        "cantidad_tarea_real": "0"
    }
},
{
    "pk": 290, 
    "model": "planificacion.intervalocronograma", 
    "fields": {
        "fecha_desde": "2014-08-12T13:00:00Z", 
        "maquinacronograma": 89, 
        "tareaproducto": 40, 
        "producto": 3, 
        "fecha_hasta": "2014-08-12T17:00:00Z", 
        "maquina": 16, 
        "pedido": 4, 
        "pedidocronograma": 9, 
        "itempedido": 6, 
        "estado": 0, 
        "cantidad_tarea": "1.33", 
        "tareamaquina": 18, 
        "cronograma": 8, 
        "tarea": 17, 
        "tiempo_intervalo": "240", 
        "cantidad_tarea_real": "0"
    }
},
{
    "pk": 291, 
    "model": "planificacion.intervalocronograma", 
    "fields": {
        "fecha_desde": "2014-08-13T08:00:00Z", 
        "maquinacronograma": 89, 
        "tareaproducto": 40, 
        "producto": 3, 
        "fecha_hasta": "2014-08-13T12:00:00Z", 
        "maquina": 16, 
        "pedido": 4, 
        "pedidocronograma": 9, 
        "itempedido": 6, 
        "estado": 0, 
        "cantidad_tarea": "1.33", 
        "tareamaquina": 18, 
        "cronograma": 8, 
        "tarea": 17, 
        "tiempo_intervalo": "240", 
        "cantidad_tarea_real": "0"
    }
},
{
    "pk": 292, 
    "model": "planificacion.intervalocronograma", 
    "fields": {
        "fecha_desde": "2014-08-13T13:00:00Z", 
        "maquinacronograma": 89, 
        "tareaproducto": 40, 
        "producto": 3, 
        "fecha_hasta": "2014-08-13T17:00:00Z", 
        "maquina": 16, 
        "pedido": 4, 
        "pedidocronograma": 9, 
        "itempedido": 6, 
        "estado": 0, 
        "cantidad_tarea": "1.33", 
        "tareamaquina": 18, 
        "cronograma": 8, 
        "tarea": 17, 
        "tiempo_intervalo": "240", 
        "cantidad_tarea_real": "0"
    }
},
{
    "pk": 293, 
    "model": "planificacion.intervalocronograma", 
    "fields": {
        "fecha_desde": "2014-08-14T08:00:00Z", 
        "maquinacronograma": 89, 
        "tareaproducto": 40, 
        "producto": 3, 
        "fecha_hasta": "2014-08-14T12:00:00Z", 
        "maquina": 16, 
        "pedido": 4, 
        "pedidocronograma": 9, 
        "itempedido": 6, 
        "estado": 0, 
        "cantidad_tarea": "1.33", 
        "tareamaquina": 18, 
        "cronograma": 8, 
        "tarea": 17, 
        "tiempo_intervalo": "240", 
        "cantidad_tarea_real": "0"
    }
},
{
    "pk": 294, 
    "model": "planificacion.intervalocronograma", 
    "fields": {
        "fecha_desde": "2014-08-14T13:00:00Z", 
        "maquinacronograma": 89, 
        "tareaproducto": 40, 
        "producto": 3, 
        "fecha_hasta": "2014-08-14T17:00:00Z", 
        "maquina": 16, 
        "pedido": 4, 
        "pedidocronograma": 9, 
        "itempedido": 6, 
        "estado": 0, 
        "cantidad_tarea": "1.33", 
        "tareamaquina": 18, 
        "cronograma": 8, 
        "tarea": 17, 
        "tiempo_intervalo": "240", 
        "cantidad_tarea_real": "0"
    }
},
{
    "pk": 295, 
    "model": "planificacion.intervalocronograma", 
    "fields": {
        "fecha_desde": "2014-08-15T08:00:00Z", 
        "maquinacronograma": 89, 
        "tareaproducto": 40, 
        "producto": 3, 
        "fecha_hasta": "2014-08-15T12:00:00Z", 
        "maquina": 16, 
        "pedido": 4, 
        "pedidocronograma": 9, 
        "itempedido": 6, 
        "estado": 0, 
        "cantidad_tarea": "1.33", 
        "tareamaquina": 18, 
        "cronograma": 8, 
        "tarea": 17, 
        "tiempo_intervalo": "240", 
        "cantidad_tarea_real": "0"
    }
},
{
    "pk": 296, 
    "model": "planificacion.intervalocronograma", 
    "fields": {
        "fecha_desde": "2014-08-15T13:00:00Z", 
        "maquinacronograma": 89, 
        "tareaproducto": 40, 
        "producto": 3, 
        "fecha_hasta": "2014-08-15T17:00:00Z", 
        "maquina": 16, 
        "pedido": 4, 
        "pedidocronograma": 9, 
        "itempedido": 6, 
        "estado": 0, 
        "cantidad_tarea": "1.33", 
        "tareamaquina": 18, 
        "cronograma": 8, 
        "tarea": 17, 
        "tiempo_intervalo": "240", 
        "cantidad_tarea_real": "0"
    }
},
{
    "pk": 297, 
    "model": "planificacion.intervalocronograma", 
    "fields": {
        "fecha_desde": "2014-08-18T08:00:00Z", 
        "maquinacronograma": 89, 
        "tareaproducto": 40, 
        "producto": 3, 
        "fecha_hasta": "2014-08-18T12:00:00Z", 
        "maquina": 16, 
        "pedido": 4, 
        "pedidocronograma": 9, 
        "itempedido": 6, 
        "estado": 0, 
        "cantidad_tarea": "1.33", 
        "tareamaquina": 18, 
        "cronograma": 8, 
        "tarea": 17, 
        "tiempo_intervalo": "240", 
        "cantidad_tarea_real": "0"
    }
},
{
    "pk": 298, 
    "model": "planificacion.intervalocronograma", 
    "fields": {
        "fecha_desde": "2014-08-18T13:00:00Z", 
        "maquinacronograma": 89, 
        "tareaproducto": 40, 
        "producto": 3, 
        "fecha_hasta": "2014-08-18T17:00:00Z", 
        "maquina": 16, 
        "pedido": 4, 
        "pedidocronograma": 9, 
        "itempedido": 6, 
        "estado": 0, 
        "cantidad_tarea": "1.33", 
        "tareamaquina": 18, 
        "cronograma": 8, 
        "tarea": 17, 
        "tiempo_intervalo": "240", 
        "cantidad_tarea_real": "0"
    }
},
{
    "pk": 299, 
    "model": "planificacion.intervalocronograma", 
    "fields": {
        "fecha_desde": "2014-08-19T08:00:00Z", 
        "maquinacronograma": 89, 
        "tareaproducto": 40, 
        "producto": 3, 
        "fecha_hasta": "2014-08-19T12:00:00Z", 
        "maquina": 16, 
        "pedido": 4, 
        "pedidocronograma": 9, 
        "itempedido": 6, 
        "estado": 0, 
        "cantidad_tarea": "1.33", 
        "tareamaquina": 18, 
        "cronograma": 8, 
        "tarea": 17, 
        "tiempo_intervalo": "240", 
        "cantidad_tarea_real": "0"
    }
},
{
    "pk": 300, 
    "model": "planificacion.intervalocronograma", 
    "fields": {
        "fecha_desde": "2014-08-19T13:00:00Z", 
        "maquinacronograma": 89, 
        "tareaproducto": 40, 
        "producto": 3, 
        "fecha_hasta": "2014-08-19T17:00:00Z", 
        "maquina": 16, 
        "pedido": 4, 
        "pedidocronograma": 9, 
        "itempedido": 6, 
        "estado": 0, 
        "cantidad_tarea": "1.33", 
        "tareamaquina": 18, 
        "cronograma": 8, 
        "tarea": 17, 
        "tiempo_intervalo": "240", 
        "cantidad_tarea_real": "0"
    }
},
{
    "pk": 301, 
    "model": "planificacion.intervalocronograma", 
    "fields": {
        "fecha_desde": "2014-08-20T08:00:00Z", 
        "maquinacronograma": 89, 
        "tareaproducto": 40, 
        "producto": 3, 
        "fecha_hasta": "2014-08-20T12:00:00Z", 
        "maquina": 16, 
        "pedido": 4, 
        "pedidocronograma": 9, 
        "itempedido": 6, 
        "estado": 0, 
        "cantidad_tarea": "1.33", 
        "tareamaquina": 18, 
        "cronograma": 8, 
        "tarea": 17, 
        "tiempo_intervalo": "240", 
        "cantidad_tarea_real": "0"
    }
},
{
    "pk": 302, 
    "model": "planificacion.intervalocronograma", 
    "fields": {
        "fecha_desde": "2014-08-20T13:00:00Z", 
        "maquinacronograma": 89, 
        "tareaproducto": 40, 
        "producto": 3, 
        "fecha_hasta": "2014-08-20T17:00:00Z", 
        "maquina": 16, 
        "pedido": 4, 
        "pedidocronograma": 9, 
        "itempedido": 6, 
        "estado": 0, 
        "cantidad_tarea": "1.33", 
        "tareamaquina": 18, 
        "cronograma": 8, 
        "tarea": 17, 
        "tiempo_intervalo": "240", 
        "cantidad_tarea_real": "0"
    }
},
{
    "pk": 303, 
    "model": "planificacion.intervalocronograma", 
    "fields": {
        "fecha_desde": "2014-08-21T08:00:00Z", 
        "maquinacronograma": 89, 
        "tareaproducto": 40, 
        "producto": 3, 
        "fecha_hasta": "2014-08-21T12:00:00Z", 
        "maquina": 16, 
        "pedido": 4, 
        "pedidocronograma": 9, 
        "itempedido": 6, 
        "estado": 0, 
        "cantidad_tarea": "1.33", 
        "tareamaquina": 18, 
        "cronograma": 8, 
        "tarea": 17, 
        "tiempo_intervalo": "240", 
        "cantidad_tarea_real": "0"
    }
},
{
    "pk": 304, 
    "model": "planificacion.intervalocronograma", 
    "fields": {
        "fecha_desde": "2014-08-21T13:00:00Z", 
        "maquinacronograma": 89, 
        "tareaproducto": 40, 
        "producto": 3, 
        "fecha_hasta": "2014-08-21T17:00:00Z", 
        "maquina": 16, 
        "pedido": 4, 
        "pedidocronograma": 9, 
        "itempedido": 6, 
        "estado": 0, 
        "cantidad_tarea": "1.33", 
        "tareamaquina": 18, 
        "cronograma": 8, 
        "tarea": 17, 
        "tiempo_intervalo": "240", 
        "cantidad_tarea_real": "0"
    }
},
{
    "pk": 305, 
    "model": "planificacion.intervalocronograma", 
    "fields": {
        "fecha_desde": "2014-08-22T08:00:00Z", 
        "maquinacronograma": 89, 
        "tareaproducto": 40, 
        "producto": 3, 
        "fecha_hasta": "2014-08-22T12:00:00Z", 
        "maquina": 16, 
        "pedido": 4, 
        "pedidocronograma": 9, 
        "itempedido": 6, 
        "estado": 0, 
        "cantidad_tarea": "1.33", 
        "tareamaquina": 18, 
        "cronograma": 8, 
        "tarea": 17, 
        "tiempo_intervalo": "240", 
        "cantidad_tarea_real": "0"
    }
},
{
    "pk": 306, 
    "model": "planificacion.intervalocronograma", 
    "fields": {
        "fecha_desde": "2014-08-22T13:00:00Z", 
        "maquinacronograma": 89, 
        "tareaproducto": 40, 
        "producto": 3, 
        "fecha_hasta": "2014-08-22T17:00:00Z", 
        "maquina": 16, 
        "pedido": 4, 
        "pedidocronograma": 9, 
        "itempedido": 6, 
        "estado": 0, 
        "cantidad_tarea": "1.33", 
        "tareamaquina": 18, 
        "cronograma": 8, 
        "tarea": 17, 
        "tiempo_intervalo": "240", 
        "cantidad_tarea_real": "0"
    }
},
{
    "pk": 307, 
    "model": "planificacion.intervalocronograma", 
    "fields": {
        "fecha_desde": "2014-08-25T08:00:00Z", 
        "maquinacronograma": 89, 
        "tareaproducto": 40, 
        "producto": 3, 
        "fecha_hasta": "2014-08-25T12:00:00Z", 
        "maquina": 16, 
        "pedido": 4, 
        "pedidocronograma": 9, 
        "itempedido": 6, 
        "estado": 0, 
        "cantidad_tarea": "1.33", 
        "tareamaquina": 18, 
        "cronograma": 8, 
        "tarea": 17, 
        "tiempo_intervalo": "240", 
        "cantidad_tarea_real": "0"
    }
},
{
    "pk": 308, 
    "model": "planificacion.intervalocronograma", 
    "fields": {
        "fecha_desde": "2014-08-25T13:00:00Z", 
        "maquinacronograma": 89, 
        "tareaproducto": 40, 
        "producto": 3, 
        "fecha_hasta": "2014-08-25T17:00:00Z", 
        "maquina": 16, 
        "pedido": 4, 
        "pedidocronograma": 9, 
        "itempedido": 6, 
        "estado": 0, 
        "cantidad_tarea": "1.33", 
        "tareamaquina": 18, 
        "cronograma": 8, 
        "tarea": 17, 
        "tiempo_intervalo": "240", 
        "cantidad_tarea_real": "0"
    }
},
{
    "pk": 309, 
    "model": "planificacion.intervalocronograma", 
    "fields": {
        "fecha_desde": "2014-08-26T08:00:00Z", 
        "maquinacronograma": 89, 
        "tareaproducto": 40, 
        "producto": 3, 
        "fecha_hasta": "2014-08-26T12:00:00Z", 
        "maquina": 16, 
        "pedido": 4, 
        "pedidocronograma": 9, 
        "itempedido": 6, 
        "estado": 0, 
        "cantidad_tarea": "1.33", 
        "tareamaquina": 18, 
        "cronograma": 8, 
        "tarea": 17, 
        "tiempo_intervalo": "240", 
        "cantidad_tarea_real": "0"
    }
},
{
    "pk": 310, 
    "model": "planificacion.intervalocronograma", 
    "fields": {
        "fecha_desde": "2014-08-26T13:00:00Z", 
        "maquinacronograma": 89, 
        "tareaproducto": 40, 
        "producto": 3, 
        "fecha_hasta": "2014-08-26T17:00:00Z", 
        "maquina": 16, 
        "pedido": 4, 
        "pedidocronograma": 9, 
        "itempedido": 6, 
        "estado": 0, 
        "cantidad_tarea": "1.33", 
        "tareamaquina": 18, 
        "cronograma": 8, 
        "tarea": 17, 
        "tiempo_intervalo": "240", 
        "cantidad_tarea_real": "0"
    }
},
{
    "pk": 311, 
    "model": "planificacion.intervalocronograma", 
    "fields": {
        "fecha_desde": "2014-08-27T08:00:00Z", 
        "maquinacronograma": 89, 
        "tareaproducto": 40, 
        "producto": 3, 
        "fecha_hasta": "2014-08-27T12:00:00Z", 
        "maquina": 16, 
        "pedido": 4, 
        "pedidocronograma": 9, 
        "itempedido": 6, 
        "estado": 0, 
        "cantidad_tarea": "1.33", 
        "tareamaquina": 18, 
        "cronograma": 8, 
        "tarea": 17, 
        "tiempo_intervalo": "240", 
        "cantidad_tarea_real": "0"
    }
},
{
    "pk": 312, 
    "model": "planificacion.intervalocronograma", 
    "fields": {
        "fecha_desde": "2014-08-27T13:00:00Z", 
        "maquinacronograma": 89, 
        "tareaproducto": 40, 
        "producto": 3, 
        "fecha_hasta": "2014-08-27T17:00:00Z", 
        "maquina": 16, 
        "pedido": 4, 
        "pedidocronograma": 9, 
        "itempedido": 6, 
        "estado": 0, 
        "cantidad_tarea": "1.33", 
        "tareamaquina": 18, 
        "cronograma": 8, 
        "tarea": 17, 
        "tiempo_intervalo": "240", 
        "cantidad_tarea_real": "0"
    }
},
{
    "pk": 313, 
    "model": "planificacion.intervalocronograma", 
    "fields": {
        "fecha_desde": "2014-08-28T08:00:00Z", 
        "maquinacronograma": 89, 
        "tareaproducto": 40, 
        "producto": 3, 
        "fecha_hasta": "2014-08-28T12:00:00Z", 
        "maquina": 16, 
        "pedido": 4, 
        "pedidocronograma": 9, 
        "itempedido": 6, 
        "estado": 0, 
        "cantidad_tarea": "1.33", 
        "tareamaquina": 18, 
        "cronograma": 8, 
        "tarea": 17, 
        "tiempo_intervalo": "240", 
        "cantidad_tarea_real": "0"
    }
},
{
    "pk": 314, 
    "model": "planificacion.intervalocronograma", 
    "fields": {
        "fecha_desde": "2014-08-28T13:00:00Z", 
        "maquinacronograma": 89, 
        "tareaproducto": 40, 
        "producto": 3, 
        "fecha_hasta": "2014-08-28T17:00:00Z", 
        "maquina": 16, 
        "pedido": 4, 
        "pedidocronograma": 9, 
        "itempedido": 6, 
        "estado": 0, 
        "cantidad_tarea": "1.33", 
        "tareamaquina": 18, 
        "cronograma": 8, 
        "tarea": 17, 
        "tiempo_intervalo": "240", 
        "cantidad_tarea_real": "0"
    }
},
{
    "pk": 315, 
    "model": "planificacion.intervalocronograma", 
    "fields": {
        "fecha_desde": "2014-08-29T08:00:00Z", 
        "maquinacronograma": 89, 
        "tareaproducto": 40, 
        "producto": 3, 
        "fecha_hasta": "2014-08-29T12:00:00Z", 
        "maquina": 16, 
        "pedido": 4, 
        "pedidocronograma": 9, 
        "itempedido": 6, 
        "estado": 0, 
        "cantidad_tarea": "1.33", 
        "tareamaquina": 18, 
        "cronograma": 8, 
        "tarea": 17, 
        "tiempo_intervalo": "240", 
        "cantidad_tarea_real": "0"
    }
},
{
    "pk": 316, 
    "model": "planificacion.intervalocronograma", 
    "fields": {
        "fecha_desde": "2014-08-29T13:00:00Z", 
        "maquinacronograma": 89, 
        "tareaproducto": 40, 
        "producto": 3, 
        "fecha_hasta": "2014-08-29T17:00:00Z", 
        "maquina": 16, 
        "pedido": 4, 
        "pedidocronograma": 9, 
        "itempedido": 6, 
        "estado": 0, 
        "cantidad_tarea": "1.33", 
        "tareamaquina": 18, 
        "cronograma": 8, 
        "tarea": 17, 
        "tiempo_intervalo": "240", 
        "cantidad_tarea_real": "0"
    }
},
{
    "pk": 317, 
    "model": "planificacion.intervalocronograma", 
    "fields": {
        "fecha_desde": "2014-09-01T08:00:00Z", 
        "maquinacronograma": 89, 
        "tareaproducto": 40, 
        "producto": 3, 
        "fecha_hasta": "2014-09-01T12:00:00Z", 
        "maquina": 16, 
        "pedido": 4, 
        "pedidocronograma": 9, 
        "itempedido": 6, 
        "estado": 0, 
        "cantidad_tarea": "1.33", 
        "tareamaquina": 18, 
        "cronograma": 8, 
        "tarea": 17, 
        "tiempo_intervalo": "240", 
        "cantidad_tarea_real": "0"
    }
},
{
    "pk": 318, 
    "model": "planificacion.intervalocronograma", 
    "fields": {
        "fecha_desde": "2014-09-01T13:00:00Z", 
        "maquinacronograma": 89, 
        "tareaproducto": 40, 
        "producto": 3, 
        "fecha_hasta": "2014-09-01T17:00:00Z", 
        "maquina": 16, 
        "pedido": 4, 
        "pedidocronograma": 9, 
        "itempedido": 6, 
        "estado": 0, 
        "cantidad_tarea": "1.33", 
        "tareamaquina": 18, 
        "cronograma": 8, 
        "tarea": 17, 
        "tiempo_intervalo": "240", 
        "cantidad_tarea_real": "0"
    }
},
{
    "pk": 319, 
    "model": "planificacion.intervalocronograma", 
    "fields": {
        "fecha_desde": "2014-09-02T08:00:00Z", 
        "maquinacronograma": 89, 
        "tareaproducto": 40, 
        "producto": 3, 
        "fecha_hasta": "2014-09-02T12:00:00Z", 
        "maquina": 16, 
        "pedido": 4, 
        "pedidocronograma": 9, 
        "itempedido": 6, 
        "estado": 0, 
        "cantidad_tarea": "1.33", 
        "tareamaquina": 18, 
        "cronograma": 8, 
        "tarea": 17, 
        "tiempo_intervalo": "240", 
        "cantidad_tarea_real": "0"
    }
},
{
    "pk": 320, 
    "model": "planificacion.intervalocronograma", 
    "fields": {
        "fecha_desde": "2014-09-02T13:00:00Z", 
        "maquinacronograma": 89, 
        "tareaproducto": 40, 
        "producto": 3, 
        "fecha_hasta": "2014-09-02T17:00:00Z", 
        "maquina": 16, 
        "pedido": 4, 
        "pedidocronograma": 9, 
        "itempedido": 6, 
        "estado": 0, 
        "cantidad_tarea": "1.33", 
        "tareamaquina": 18, 
        "cronograma": 8, 
        "tarea": 17, 
        "tiempo_intervalo": "240", 
        "cantidad_tarea_real": "0"
    }
},
{
    "pk": 321, 
    "model": "planificacion.intervalocronograma", 
    "fields": {
        "fecha_desde": "2014-09-03T08:00:00Z", 
        "maquinacronograma": 89, 
        "tareaproducto": 40, 
        "producto": 3, 
        "fecha_hasta": "2014-09-03T12:00:00Z", 
        "maquina": 16, 
        "pedido": 4, 
        "pedidocronograma": 9, 
        "itempedido": 6, 
        "estado": 0, 
        "cantidad_tarea": "1.33", 
        "tareamaquina": 18, 
        "cronograma": 8, 
        "tarea": 17, 
        "tiempo_intervalo": "240", 
        "cantidad_tarea_real": "0"
    }
},
{
    "pk": 322, 
    "model": "planificacion.intervalocronograma", 
    "fields": {
        "fecha_desde": "2014-09-03T13:00:00Z", 
        "maquinacronograma": 89, 
        "tareaproducto": 40, 
        "producto": 3, 
        "fecha_hasta": "2014-09-03T17:00:00Z", 
        "maquina": 16, 
        "pedido": 4, 
        "pedidocronograma": 9, 
        "itempedido": 6, 
        "estado": 0, 
        "cantidad_tarea": "1.33", 
        "tareamaquina": 18, 
        "cronograma": 8, 
        "tarea": 17, 
        "tiempo_intervalo": "240", 
        "cantidad_tarea_real": "0"
    }
},
{
    "pk": 323, 
    "model": "planificacion.intervalocronograma", 
    "fields": {
        "fecha_desde": "2014-09-04T08:00:00Z", 
        "maquinacronograma": 89, 
        "tareaproducto": 40, 
        "producto": 3, 
        "fecha_hasta": "2014-09-04T12:00:00Z", 
        "maquina": 16, 
        "pedido": 4, 
        "pedidocronograma": 9, 
        "itempedido": 6, 
        "estado": 0, 
        "cantidad_tarea": "1.33", 
        "tareamaquina": 18, 
        "cronograma": 8, 
        "tarea": 17, 
        "tiempo_intervalo": "240", 
        "cantidad_tarea_real": "0"
    }
},
{
    "pk": 1, 
    "model": "calendario.calendario", 
    "fields": {}
},
{
    "pk": 1, 
    "model": "calendario.intervalolaborable", 
    "fields": {
        "calendario": 1, 
        "hora_hasta": "12:00:00", 
        "dia": 0, 
        "hora_desde": "08:00:00"
    }
},
{
    "pk": 2, 
    "model": "calendario.intervalolaborable", 
    "fields": {
        "calendario": 1, 
        "hora_hasta": "17:00:00", 
        "dia": 0, 
        "hora_desde": "13:00:00"
    }
},
{
    "pk": 3, 
    "model": "calendario.intervalolaborable", 
    "fields": {
        "calendario": 1, 
        "hora_hasta": "12:00:00", 
        "dia": 1, 
        "hora_desde": "08:00:00"
    }
},
{
    "pk": 4, 
    "model": "calendario.intervalolaborable", 
    "fields": {
        "calendario": 1, 
        "hora_hasta": "17:00:00", 
        "dia": 1, 
        "hora_desde": "13:00:00"
    }
},
{
    "pk": 5, 
    "model": "calendario.intervalolaborable", 
    "fields": {
        "calendario": 1, 
        "hora_hasta": "12:00:00", 
        "dia": 2, 
        "hora_desde": "08:00:00"
    }
},
{
    "pk": 6, 
    "model": "calendario.intervalolaborable", 
    "fields": {
        "calendario": 1, 
        "hora_hasta": "17:00:00", 
        "dia": 2, 
        "hora_desde": "13:00:00"
    }
},
{
    "pk": 7, 
    "model": "calendario.intervalolaborable", 
    "fields": {
        "calendario": 1, 
        "hora_hasta": "12:00:00", 
        "dia": 3, 
        "hora_desde": "08:00:00"
    }
},
{
    "pk": 8, 
    "model": "calendario.intervalolaborable", 
    "fields": {
        "calendario": 1, 
        "hora_hasta": "17:00:00", 
        "dia": 3, 
        "hora_desde": "13:00:00"
    }
},
{
    "pk": 9, 
    "model": "calendario.intervalolaborable", 
    "fields": {
        "calendario": 1, 
        "hora_hasta": "12:00:00", 
        "dia": 4, 
        "hora_desde": "08:00:00"
    }
},
{
    "pk": 10, 
    "model": "calendario.intervalolaborable", 
    "fields": {
        "calendario": 1, 
        "hora_hasta": "17:00:00", 
        "dia": 4, 
        "hora_desde": "13:00:00"
    }
},
{
    "pk": 1, 
    "model": "calendario.excepcionlaborable", 
    "fields": {
        "calendario": 1, 
        "fecha": "2014-08-05", 
        "hora_hasta": "23:00:00", 
        "hora_desde": "00:00:00", 
        "laborable": false
    }
}
]
