[
{
  "pk": 1, 
  "model": "planificacion.cronograma", 
  "fields": {
    "fecha_inicio": "2014-04-16T00:00:00Z", 
    "optimizar_planificacion": true, 
    "descripcion": "Crono pedidos B y C", 
    "estrategia": 2, 
    "tiempo_minimo_intervalo": "0"
  }
},
{
  "pk": 2, 
  "model": "planificacion.cronograma", 
  "fields": {
    "fecha_inicio": "2014-04-16T00:00:00Z", 
    "optimizar_planificacion": true, 
    "descripcion": "Otro crono", 
    "estrategia": 2, 
    "tiempo_minimo_intervalo": "0"
  }
},
{
  "pk": 1, 
  "model": "produccion.maquina", 
  "fields": {
    "descripcion": "M1"
  }
},
{
  "pk": 2, 
  "model": "produccion.maquina", 
  "fields": {
    "descripcion": "M2"
  }
},
{
  "pk": 3, 
  "model": "produccion.maquina", 
  "fields": {
    "descripcion": "M3"
  }
},
{
  "pk": 1, 
  "model": "produccion.tarea", 
  "fields": {
    "descripcion": "T1", 
    "tiempo": "5"
  }
},
{
  "pk": 2, 
  "model": "produccion.tarea", 
  "fields": {
    "descripcion": "T2", 
    "tiempo": "6"
  }
},
{
  "pk": 3, 
  "model": "produccion.tarea", 
  "fields": {
    "descripcion": "T3", 
    "tiempo": "7"
  }
},
{
  "pk": 4, 
  "model": "produccion.tarea", 
  "fields": {
    "descripcion": "T4", 
    "tiempo": "8"
  }
},
{
  "pk": 5, 
  "model": "produccion.tarea", 
  "fields": {
    "descripcion": "T5", 
    "tiempo": "9"
  }
},
{
  "pk": 1, 
  "model": "produccion.tareamaquina", 
  "fields": {
    "tarea": 1, 
    "maquina": 1
  }
},
{
  "pk": 2, 
  "model": "produccion.tareamaquina", 
  "fields": {
    "tarea": 2, 
    "maquina": 1
  }
},
{
  "pk": 3, 
  "model": "produccion.tareamaquina", 
  "fields": {
    "tarea": 3, 
    "maquina": 1
  }
},
{
  "pk": 4, 
  "model": "produccion.tareamaquina", 
  "fields": {
    "tarea": 2, 
    "maquina": 2
  }
},
{
  "pk": 5, 
  "model": "produccion.tareamaquina", 
  "fields": {
    "tarea": 4, 
    "maquina": 2
  }
},
{
  "pk": 6, 
  "model": "produccion.tareamaquina", 
  "fields": {
    "tarea": 4, 
    "maquina": 3
  }
},
{
  "pk": 7, 
  "model": "produccion.tareamaquina", 
  "fields": {
    "tarea": 5, 
    "maquina": 3
  }
},
{
  "pk": 8, 
  "model": "produccion.tareamaquina", 
  "fields": {
    "tarea": 5, 
    "maquina": 1
  }
},
{
  "pk": 1, 
  "model": "produccion.producto", 
  "fields": {
    "descripcion": "PA"
  }
},
{
  "pk": 2, 
  "model": "produccion.producto", 
  "fields": {
    "descripcion": "PB"
  }
},
{
  "pk": 3, 
  "model": "produccion.producto", 
  "fields": {
    "descripcion": "PC"
  }
},
{
  "pk": 1, 
  "model": "produccion.tareaproducto", 
  "fields": {
    "producto": 1, 
    "tarea": 1
  }
},
{
  "pk": 2, 
  "model": "produccion.tareaproducto", 
  "fields": {
    "producto": 1, 
    "tarea": 2
  }
},
{
  "pk": 3, 
  "model": "produccion.tareaproducto", 
  "fields": {
    "producto": 1, 
    "tarea": 5
  }
},
{
  "pk": 4, 
  "model": "produccion.tareaproducto", 
  "fields": {
    "producto": 1, 
    "tarea": 4
  }
},
{
  "pk": 5, 
  "model": "produccion.tareaproducto", 
  "fields": {
    "producto": 2, 
    "tarea": 1
  }
},
{
  "pk": 6, 
  "model": "produccion.tareaproducto", 
  "fields": {
    "producto": 2, 
    "tarea": 2
  }
},
{
  "pk": 7, 
  "model": "produccion.tareaproducto", 
  "fields": {
    "producto": 3, 
    "tarea": 1
  }
},
{
  "pk": 8, 
  "model": "produccion.tareaproducto", 
  "fields": {
    "producto": 3, 
    "tarea": 4
  }
},
{
  "pk": 9, 
  "model": "produccion.tareaproducto", 
  "fields": {
    "producto": 3, 
    "tarea": 5
  }
},
{
  "pk": 10, 
  "model": "produccion.tareaproducto", 
  "fields": {
    "producto": 2, 
    "tarea": 5
  }
},
{
  "pk": 11, 
  "model": "produccion.tareaproducto", 
  "fields": {
    "producto": 2, 
    "tarea": 4
  }
},
{
  "pk": 1, 
  "model": "produccion.dependenciatareaproducto", 
  "fields": {
    "producto": 1, 
    "tarea_anteriorproducto": 2, 
    "tarea": 1, 
    "tarea_anterior": 2, 
    "tareaproducto": 1
  }
},
{
  "pk": 2, 
  "model": "produccion.dependenciatareaproducto", 
  "fields": {
    "producto": 1, 
    "tarea_anteriorproducto": 3, 
    "tarea": 2, 
    "tarea_anterior": 5, 
    "tareaproducto": 2
  }
},
{
  "pk": 3, 
  "model": "produccion.dependenciatareaproducto", 
  "fields": {
    "producto": 1, 
    "tarea_anteriorproducto": 4, 
    "tarea": 5, 
    "tarea_anterior": 4, 
    "tareaproducto": 3
  }
},
{
  "pk": 4, 
  "model": "produccion.dependenciatareaproducto", 
  "fields": {
    "producto": 1, 
    "tarea_anteriorproducto": 4, 
    "tarea": 1, 
    "tarea_anterior": 4, 
    "tareaproducto": 1
  }
},
{
  "pk": 5, 
  "model": "produccion.dependenciatareaproducto", 
  "fields": {
    "producto": 2, 
    "tarea_anteriorproducto": 10, 
    "tarea": 4, 
    "tarea_anterior": 5, 
    "tareaproducto": 11
  }
},
{
  "pk": 6, 
  "model": "produccion.dependenciatareaproducto", 
  "fields": {
    "producto": 2, 
    "tarea_anteriorproducto": 5, 
    "tarea": 4, 
    "tarea_anterior": 1, 
    "tareaproducto": 11
  }
},
{
  "pk": 7, 
  "model": "produccion.dependenciatareaproducto", 
  "fields": {
    "producto": 2, 
    "tarea_anteriorproducto": 11, 
    "tarea": 2, 
    "tarea_anterior": 4, 
    "tareaproducto": 6
  }
},
{
  "pk": 1, 
  "model": "produccion.pedido", 
  "fields": {
    "descripcion": "Ped A", 
    "fecha_entrega": "2014-04-27"
  }
},
{
  "pk": 2, 
  "model": "produccion.pedido", 
  "fields": {
    "descripcion": "Ped B", 
    "fecha_entrega": "2014-04-25"
  }
},
{
  "pk": 3, 
  "model": "produccion.pedido", 
  "fields": {
    "descripcion": "Ped C", 
    "fecha_entrega": "2014-04-30"
  }
},
{
  "pk": 1, 
  "model": "produccion.itempedido", 
  "fields": {
    "producto": 1, 
    "pedido": 1, 
    "cantidad": "100"
  }
},
{
  "pk": 2, 
  "model": "produccion.itempedido", 
  "fields": {
    "producto": 2, 
    "pedido": 2, 
    "cantidad": "100"
  }
},
{
  "pk": 3, 
  "model": "produccion.itempedido", 
  "fields": {
    "producto": 3, 
    "pedido": 2, 
    "cantidad": "200"
  }
},
{
  "pk": 4, 
  "model": "produccion.itempedido", 
  "fields": {
    "producto": 2, 
    "pedido": 3, 
    "cantidad": "180"
  }
},
{
  "pk": 3, 
  "model": "planificacion.pedidocronograma", 
  "fields": {
    "cronograma": 1, 
    "pedido": 1
  }
},
{
  "pk": 4, 
  "model": "planificacion.pedidocronograma", 
  "fields": {
    "cronograma": 1, 
    "pedido": 2
  }
},
{
  "pk": 5, 
  "model": "planificacion.pedidocronograma", 
  "fields": {
    "cronograma": 1, 
    "pedido": 3
  }
},
{
  "pk": 6, 
  "model": "planificacion.pedidocronograma", 
  "fields": {
    "cronograma": 2, 
    "pedido": 1
  }
},
{
  "pk": 7, 
  "model": "planificacion.pedidocronograma", 
  "fields": {
    "cronograma": 2, 
    "pedido": 2
  }
},
{
  "pk": 8, 
  "model": "planificacion.pedidocronograma", 
  "fields": {
    "cronograma": 2, 
    "pedido": 3
  }
},
{
  "pk": 1, 
  "model": "planificacion.maquinacronograma", 
  "fields": {
    "cronograma": 1, 
    "maquina": 1
  }
},
{
  "pk": 2, 
  "model": "planificacion.maquinacronograma", 
  "fields": {
    "cronograma": 1, 
    "maquina": 2
  }
},
{
  "pk": 3, 
  "model": "planificacion.maquinacronograma", 
  "fields": {
    "cronograma": 1, 
    "maquina": 3
  }
},
{
  "pk": 4, 
  "model": "planificacion.maquinacronograma", 
  "fields": {
    "cronograma": 2, 
    "maquina": 1
  }
},
{
  "pk": 5, 
  "model": "planificacion.maquinacronograma", 
  "fields": {
    "cronograma": 2, 
    "maquina": 2
  }
},
{
  "pk": 6, 
  "model": "planificacion.maquinacronograma", 
  "fields": {
    "cronograma": 2, 
    "maquina": 3
  }
},
{
  "pk": 1, 
  "model": "planificacion.intervalocronograma", 
  "fields": {
    "cantidad_producto": "0", 
    "fecha_desde": "2014-04-16T00:00:00Z", 
    "secuencia": null, 
    "tareaproducto": 4, 
    "producto": 1, 
    "maquina": 2, 
    "pedido": 1, 
    "pedidocronograma": 3, 
    "cantidad_tarea": "100", 
    "tareamaquina": 5, 
    "maquinacronograma": 2, 
    "cronograma": 1, 
    "tarea": 4, 
    "tiempo_intervalo": "800", 
    "itempedido": 1
  }
},
{
  "pk": 2, 
  "model": "planificacion.intervalocronograma", 
  "fields": {
    "cantidad_producto": "0", 
    "fecha_desde": "2014-04-16T00:00:00Z", 
    "secuencia": null, 
    "tareaproducto": 3, 
    "producto": 1, 
    "maquina": 3, 
    "pedido": 1, 
    "pedidocronograma": 3, 
    "cantidad_tarea": "100", 
    "tareamaquina": 7, 
    "maquinacronograma": 3, 
    "cronograma": 1, 
    "tarea": 5, 
    "tiempo_intervalo": "900", 
    "itempedido": 1
  }
},
{
  "pk": 3, 
  "model": "planificacion.intervalocronograma", 
  "fields": {
    "cantidad_producto": "0", 
    "fecha_desde": "2014-04-16T15:00:00Z", 
    "secuencia": null, 
    "tareaproducto": 2, 
    "producto": 1, 
    "maquina": 1, 
    "pedido": 1, 
    "pedidocronograma": 3, 
    "cantidad_tarea": "52.22", 
    "tareamaquina": 2, 
    "maquinacronograma": 1, 
    "cronograma": 1, 
    "tarea": 2, 
    "tiempo_intervalo": "313.33", 
    "itempedido": 1
  }
},
{
  "pk": 4, 
  "model": "planificacion.intervalocronograma", 
  "fields": {
    "cantidad_producto": "0", 
    "fecha_desde": "2014-04-16T13:20:00Z", 
    "secuencia": null, 
    "tareaproducto": 2, 
    "producto": 1, 
    "maquina": 2, 
    "pedido": 1, 
    "pedidocronograma": 3, 
    "cantidad_tarea": "47.78", 
    "tareamaquina": 4, 
    "maquinacronograma": 2, 
    "cronograma": 1, 
    "tarea": 2, 
    "tiempo_intervalo": "286.67", 
    "itempedido": 1
  }
},
{
  "pk": 5, 
  "model": "planificacion.intervalocronograma", 
  "fields": {
    "cantidad_producto": "0", 
    "fecha_desde": "2014-04-16T20:13:19Z", 
    "secuencia": null, 
    "tareaproducto": 1, 
    "producto": 1, 
    "maquina": 1, 
    "pedido": 1, 
    "pedidocronograma": 3, 
    "cantidad_tarea": "100", 
    "tareamaquina": 1, 
    "maquinacronograma": 1, 
    "cronograma": 1, 
    "tarea": 1, 
    "tiempo_intervalo": "500", 
    "itempedido": 1
  }
},
{
  "pk": 6, 
  "model": "planificacion.intervalocronograma", 
  "fields": {
    "cantidad_producto": "0", 
    "fecha_desde": "2014-04-16T00:00:00Z", 
    "secuencia": null, 
    "tareaproducto": 5, 
    "producto": 2, 
    "maquina": 1, 
    "pedido": 2, 
    "pedidocronograma": 4, 
    "cantidad_tarea": "100", 
    "tareamaquina": 1, 
    "maquinacronograma": 1, 
    "cronograma": 1, 
    "tarea": 1, 
    "tiempo_intervalo": "500", 
    "itempedido": 2
  }
},
{
  "pk": 7, 
  "model": "planificacion.intervalocronograma", 
  "fields": {
    "cantidad_producto": "0", 
    "fecha_desde": "2014-04-16T15:00:00Z", 
    "secuencia": null, 
    "tareaproducto": 10, 
    "producto": 2, 
    "maquina": 3, 
    "pedido": 2, 
    "pedidocronograma": 4, 
    "cantidad_tarea": "100", 
    "tareamaquina": 7, 
    "maquinacronograma": 3, 
    "cronograma": 1, 
    "tarea": 5, 
    "tiempo_intervalo": "900", 
    "itempedido": 2
  }
},
{
  "pk": 8, 
  "model": "planificacion.intervalocronograma", 
  "fields": {
    "cantidad_producto": "0", 
    "fecha_desde": "2014-04-16T18:06:40Z", 
    "secuencia": null, 
    "tareaproducto": 11, 
    "producto": 2, 
    "maquina": 2, 
    "pedido": 2, 
    "pedidocronograma": 4, 
    "cantidad_tarea": "80.83", 
    "tareamaquina": 5, 
    "maquinacronograma": 2, 
    "cronograma": 1, 
    "tarea": 4, 
    "tiempo_intervalo": "646.67", 
    "itempedido": 2
  }
},
{
  "pk": 9, 
  "model": "planificacion.intervalocronograma", 
  "fields": {
    "cantidad_producto": "0", 
    "fecha_desde": "2014-04-17T06:00:00Z", 
    "secuencia": null, 
    "tareaproducto": 11, 
    "producto": 2, 
    "maquina": 3, 
    "pedido": 2, 
    "pedidocronograma": 4, 
    "cantidad_tarea": "19.17", 
    "tareamaquina": 6, 
    "maquinacronograma": 3, 
    "cronograma": 1, 
    "tarea": 4, 
    "tiempo_intervalo": "153.33", 
    "itempedido": 2
  }
},
{
  "pk": 10, 
  "model": "planificacion.intervalocronograma", 
  "fields": {
    "cantidad_producto": "0", 
    "fecha_desde": "2014-04-17T04:53:20Z", 
    "secuencia": null, 
    "tareaproducto": 6, 
    "producto": 2, 
    "maquina": 2, 
    "pedido": 2, 
    "pedidocronograma": 4, 
    "cantidad_tarea": "100", 
    "tareamaquina": 4, 
    "maquinacronograma": 2, 
    "cronograma": 1, 
    "tarea": 2, 
    "tiempo_intervalo": "600", 
    "itempedido": 2
  }
},
{
  "pk": 11, 
  "model": "planificacion.intervalocronograma", 
  "fields": {
    "cantidad_producto": "0", 
    "fecha_desde": "2014-04-16T08:20:00Z", 
    "secuencia": null, 
    "tareaproducto": 7, 
    "producto": 3, 
    "maquina": 1, 
    "pedido": 2, 
    "pedidocronograma": 4, 
    "cantidad_tarea": "80", 
    "tareamaquina": 1, 
    "maquinacronograma": 1, 
    "cronograma": 1, 
    "tarea": 1, 
    "tiempo_intervalo": "400", 
    "itempedido": 3
  }
},
{
  "pk": 12, 
  "model": "planificacion.intervalocronograma", 
  "fields": {
    "cantidad_producto": "0", 
    "fecha_desde": "2014-04-17T04:33:19Z", 
    "secuencia": null, 
    "tareaproducto": 7, 
    "producto": 3, 
    "maquina": 1, 
    "pedido": 2, 
    "pedidocronograma": 4, 
    "cantidad_tarea": "120", 
    "tareamaquina": 1, 
    "maquinacronograma": 1, 
    "cronograma": 1, 
    "tarea": 1, 
    "tiempo_intervalo": "600", 
    "itempedido": 3
  }
},
{
  "pk": 13, 
  "model": "planificacion.intervalocronograma", 
  "fields": {
    "cantidad_producto": "0", 
    "fecha_desde": "2014-04-17T14:53:20Z", 
    "secuencia": null, 
    "tareaproducto": 8, 
    "producto": 3, 
    "maquina": 2, 
    "pedido": 2, 
    "pedidocronograma": 4, 
    "cantidad_tarea": "200", 
    "tareamaquina": 5, 
    "maquinacronograma": 2, 
    "cronograma": 1, 
    "tarea": 4, 
    "tiempo_intervalo": "1600", 
    "itempedido": 3
  }
},
{
  "pk": 14, 
  "model": "planificacion.intervalocronograma", 
  "fields": {
    "cantidad_producto": "0", 
    "fecha_desde": "2014-04-17T14:33:19Z", 
    "secuencia": null, 
    "tareaproducto": 9, 
    "producto": 3, 
    "maquina": 1, 
    "pedido": 2, 
    "pedidocronograma": 4, 
    "cantidad_tarea": "200", 
    "tareamaquina": 8, 
    "maquinacronograma": 1, 
    "cronograma": 1, 
    "tarea": 5, 
    "tiempo_intervalo": "1800", 
    "itempedido": 3
  }
},
{
  "pk": 15, 
  "model": "planificacion.intervalocronograma", 
  "fields": {
    "cantidad_producto": "0", 
    "fecha_desde": "2014-04-18T20:33:19Z", 
    "secuencia": null, 
    "tareaproducto": 5, 
    "producto": 2, 
    "maquina": 1, 
    "pedido": 3, 
    "pedidocronograma": 5, 
    "cantidad_tarea": "180", 
    "tareamaquina": 1, 
    "maquinacronograma": 1, 
    "cronograma": 1, 
    "tarea": 1, 
    "tiempo_intervalo": "900", 
    "itempedido": 4
  }
},
{
  "pk": 16, 
  "model": "planificacion.intervalocronograma", 
  "fields": {
    "cantidad_producto": "0", 
    "fecha_desde": "2014-04-17T08:33:19Z", 
    "secuencia": null, 
    "tareaproducto": 10, 
    "producto": 2, 
    "maquina": 3, 
    "pedido": 3, 
    "pedidocronograma": 5, 
    "cantidad_tarea": "180", 
    "tareamaquina": 7, 
    "maquinacronograma": 3, 
    "cronograma": 1, 
    "tarea": 5, 
    "tiempo_intervalo": "1620", 
    "itempedido": 4
  }
},
{
  "pk": 17, 
  "model": "planificacion.intervalocronograma", 
  "fields": {
    "cantidad_producto": "0", 
    "fecha_desde": "2014-04-18T20:33:19Z", 
    "secuencia": null, 
    "tareaproducto": 11, 
    "producto": 2, 
    "maquina": 3, 
    "pedido": 3, 
    "pedidocronograma": 5, 
    "cantidad_tarea": "180", 
    "tareamaquina": 6, 
    "maquinacronograma": 3, 
    "cronograma": 1, 
    "tarea": 4, 
    "tiempo_intervalo": "1440", 
    "itempedido": 4
  }
},
{
  "pk": 18, 
  "model": "planificacion.intervalocronograma", 
  "fields": {
    "cantidad_producto": "0", 
    "fecha_desde": "2014-04-19T02:33:19Z", 
    "secuencia": null, 
    "tareaproducto": 6, 
    "producto": 2, 
    "maquina": 2, 
    "pedido": 3, 
    "pedidocronograma": 5, 
    "cantidad_tarea": "180", 
    "tareamaquina": 4, 
    "maquinacronograma": 2, 
    "cronograma": 1, 
    "tarea": 2, 
    "tiempo_intervalo": "1080", 
    "itempedido": 4
  }
}
]
